sensor_id,ts,flow,occupancy,speed
0,2018-01-01T00:00,62,0.0077,67.9
1,2018-01-01T00:00,56,0.0112,68.4
2,2018-01-01T00:00,90,0.0143,68.2
0,2018-01-01T00:05,61,0.0074,67.3
1,2018-01-01T00:05,40,0.008,68.6
2,2018-01-01T00:05,94,0.0156,67.8
0,2018-01-01T00:10,71,0.0093,68.4
1,2018-01-01T00:10,28,0.0068,67.4
2,2018-01-01T00:10,79,0.0122,68.7
0,2018-01-01T00:15,86,0.0112,67.8
1,2018-01-01T00:15,47,0.0089,69.5
2,2018-01-01T00:15,94,0.0148,68.9
0,2018-01-01T00:20,103,0.0144,67.4
1,2018-01-01T00:20,36,0.0081,68.1
2,2018-01-01T00:20,154,0.0258,67.3
0,2018-01-01T00:25,114,0.0153,67.6
1,2018-01-01T00:25,70,0.0142,69
2,2018-01-01T00:25,157,0.0255,67.3
0,2018-01-01T00:30,127,0.0172,67
1,2018-01-01T00:30,105,0.0245,67
2,2018-01-01T00:30,95,0.0157,67.8
0,2018-01-01T00:35,144,0.02,66.1
1,2018-01-01T00:35,105,0.0246,64.8
2,2018-01-01T00:35,142,0.0228,68.5
0,2018-01-01T00:40,140,0.0183,66.3
1,2018-01-01T00:40,107,0.0262,63.5
2,2018-01-01T00:40,78,0.0129,68
0,2018-01-01T00:45,164,0.0215,65.7
1,2018-01-01T00:45,151,0.034,64
2,2018-01-01T00:45,158,0.0269,67.1
0,2018-01-01T00:50,143,0.0191,65.9
1,2018-01-01T00:50,107,0.0269,63.3
2,2018-01-01T00:50,139,0.0234,66.7
0,2018-01-01T00:55,142,0.019,66.7
1,2018-01-01T00:55,138,0.0361,60.4
2,2018-01-01T00:55,93,0.0161,66.8
0,2018-01-01T01:00,145,0.0189,67.2
1,2018-01-01T01:00,141,0.0338,60.5
2,2018-01-01T01:00,132,0.0218,67.4
0,2018-01-01T01:05,162,0.0435,59
1,2018-01-01T01:05,102,0.0246,60.5
2,2018-01-01T01:05,96,0.016,67.9
0,2018-01-01T01:10,126,0.0165,63.5
1,2018-01-01T01:10,127,0.0348,58.9
2,2018-01-01T01:10,109,0.0176,67.8
0,2018-01-01T01:15,135,0.0179,64.6
1,2018-01-01T01:15,129,0.0319,59.1
2,2018-01-01T01:15,66,0.0112,68.2
0,2018-01-01T01:20,138,0.0176,66.6
1,2018-01-01T01:20,101,0.0251,59.6
2,2018-01-01T01:20,60,0.0099,69
0,2018-01-01T01:25,114,0.0143,67.4
1,2018-01-01T01:25,140,0.0355,59.6
2,2018-01-01T01:25,147,0.0239,68.2
0,2018-01-01T01:30,156,0.0205,66.4
1,2018-01-01T01:30,105,0.0244,60
2,2018-01-01T01:30,188,0.0311,67.7
0,2018-01-01T01:35,81,0.0102,67.5
1,2018-01-01T01:35,124,0.0262,61.3
2,2018-01-01T01:35,154,0.0251,67.6
0,2018-01-01T01:40,128,0.0167,67
1,2018-01-01T01:40,104,0.0243,62.2
2,2018-01-01T01:40,170,0.0277,68.1
0,2018-01-01T01:45,104,0.0139,67.9
1,2018-01-01T01:45,117,0.0275,62.4
2,2018-01-01T01:45,109,0.0178,67.7
0,2018-01-01T01:50,111,0.015,67.5
1,2018-01-01T01:50,128,0.0296,61.6
2,2018-01-01T01:50,78,0.0127,68.7
0,2018-01-01T01:55,116,0.0146,66.2
1,2018-01-01T01:55,93,0.0213,62.5
2,2018-01-01T01:55,146,0.0238,68.2
0,2018-01-01T02:00,96,0.0127,67
1,2018-01-01T02:00,82,0.0219,59.6
2,2018-01-01T02:00,92,0.015,68.2
0,2018-01-01T02:05,92,0.0123,67.9
1,2018-01-01T02:05,88,0.0186,62.1
2,2018-01-01T02:05,32,0.0047,68.9
0,2018-01-01T02:10,89,0.0191,60
1,2018-01-01T02:10,89,0.0193,64
2,2018-01-01T02:10,125,0.0212,68
0,2018-01-01T02:15,103,0.0133,65
1,2018-01-01T02:15,104,0.0246,61.9
2,2018-01-01T02:15,111,0.0195,67
0,2018-01-01T02:20,108,0.0134,64.7
1,2018-01-01T02:20,90,0.0203,62
2,2018-01-01T02:20,32,0.0054,67.7
0,2018-01-01T02:25,89,0.0111,66.9
1,2018-01-01T02:25,72,0.0159,63.8
2,2018-01-01T02:25,42,0.007,68.6
0,2018-01-01T02:30,89,0.0109,66.3
1,2018-01-01T02:30,81,0.0202,61.6
2,2018-01-01T02:30,90,0.0146,68.4
0,2018-01-01T02:35,87,0.011,66.6
1,2018-01-01T02:35,82,0.0181,62.3
2,2018-01-01T02:35,107,0.0174,69
0,2018-01-01T02:40,88,0.0111,67
1,2018-01-01T02:40,73,0.0155,63.3
2,2018-01-01T02:40,65,0.0101,68.9
0,2018-01-01T02:45,80,0.0104,67.8
1,2018-01-01T02:45,58,0.0124,64.4
2,2018-01-01T02:45,53,0.0098,68.3
0,2018-01-01T02:50,78,0.0094,66.4
1,2018-01-01T02:50,65,0.0139,64.7
2,2018-01-01T02:50,41,0.0066,68.1
0,2018-01-01T02:55,88,0.0112,66.8
1,2018-01-01T02:55,59,0.0108,67.5
2,2018-01-01T02:55,61,0.0097,68.6
0,2018-01-01T03:00,85,0.0108,67.4
1,2018-01-01T03:00,63,0.0149,66.7
2,2018-01-01T03:00,27,0.0043,69
0,2018-01-01T03:05,70,0.0089,67.8
1,2018-01-01T03:05,69,0.0142,66.4
2,2018-01-01T03:05,75,0.0118,69.4
0,2018-01-01T03:10,56,0.0074,68.6
1,2018-01-01T03:10,58,0.0111,67.8
2,2018-01-01T03:10,26,0.005,68.6
0,2018-01-01T03:15,83,0.0101,67.2
1,2018-01-01T03:15,65,0.0159,65.2
2,2018-01-01T03:15,16,0.0025,69
0,2018-01-01T03:20,60,0.0075,66.7
1,2018-01-01T03:20,75,0.0161,64.7
2,2018-01-01T03:20,64,0.0103,68.1
0,2018-01-01T03:25,62,0.0079,67.9
1,2018-01-01T03:25,54,0.0118,66.1
2,2018-01-01T03:25,123,0.0208,67.8
0,2018-01-01T03:30,67,0.0087,67.7
1,2018-01-01T03:30,73,0.0152,66.7
2,2018-01-01T03:30,65,0.0108,68.4
0,2018-01-01T03:35,72,0.0096,67.2
1,2018-01-01T03:35,71,0.0133,68.4
2,2018-01-01T03:35,87,0.0142,68.4
0,2018-01-01T03:40,59,0.008,68.1
1,2018-01-01T03:40,83,0.0172,67.8
2,2018-01-01T03:40,103,0.0167,67.8
0,2018-01-01T03:45,75,0.0095,67.1
1,2018-01-01T03:45,49,0.0112,66.6
2,2018-01-01T03:45,36,0.0054,69.4
0,2018-01-01T03:50,66,0.0083,67.9
1,2018-01-01T03:50,73,0.0187,66.3
2,2018-01-01T03:50,29,0.0051,69.5
0,2018-01-01T03:55,60,0.008,66.6
1,2018-01-01T03:55,62,0.0146,65.4
2,2018-01-01T03:55,30,0.0048,68.1
0,2018-01-01T04:00,54,0.0067,68.1
1,2018-01-01T04:00,56,0.0117,67.6
2,2018-01-01T04:00,17,0.0027,70.3
0,2018-01-01T04:05,36,0.0044,67.3
1,2018-01-01T04:05,59,0.0127,67.4
2,2018-01-01T04:05,95,0.016,68.7
0,2018-01-01T04:10,53,0.0121,63.4
1,2018-01-01T04:10,49,0.0096,69.4
2,2018-01-01T04:10,92,0.0146,68.9
0,2018-01-01T04:15,54,0.0061,66.5
1,2018-01-01T04:15,93,0.0154,75.5
2,2018-01-01T04:15,86,0.0146,68.9
0,2018-01-01T04:20,58,0.0068,65.4
1,2018-01-01T04:20,64,0.014,71.1
2,2018-01-01T04:20,114,0.019,67.8
0,2018-01-01T04:25,51,0.0061,66.5
1,2018-01-01T04:25,66,0.0127,72.8
2,2018-01-01T04:25,78,0.0129,67.9
0,2018-01-01T04:30,45,0.0055,66.3
1,2018-01-01T04:30,61,0.0118,71.4
2,2018-01-01T04:30,80,0.0132,68.4
0,2018-01-01T04:35,70,0.0093,66.3
1,2018-01-01T04:35,82,0.0174,69.3
2,2018-01-01T04:35,98,0.0158,68.6
0,2018-01-01T04:40,55,0.007,67.3
1,2018-01-01T04:40,73,0.0156,70
2,2018-01-01T04:40,84,0.0137,68.4
0,2018-01-01T04:45,66,0.0083,67.6
1,2018-01-01T04:45,75,0.0152,70.9
2,2018-01-01T04:45,95,0.0143,69.1
0,2018-01-01T04:50,54,0.0062,67.9
1,2018-01-01T04:50,47,0.0133,67.9
2,2018-01-01T04:50,73,0.0117,68.6
0,2018-01-01T04:55,58,0.0071,67.9
1,2018-01-01T04:55,67,0.0143,67.7
2,2018-01-01T04:55,94,0.0147,68.9
0,2018-01-01T05:00,50,0.006,68.7
1,2018-01-01T05:00,49,0.0103,68.1
2,2018-01-01T05:00,104,0.0174,68.6
0,2018-01-01T05:05,42,0.005,66.5
1,2018-01-01T05:05,76,0.0137,72.2
2,2018-01-01T05:05,58,0.0099,69
0,2018-01-01T05:10,56,0.0083,66.2
1,2018-01-01T05:10,60,0.014,67.4
2,2018-01-01T05:10,14,0.0022,69.9
0,2018-01-01T05:15,48,0.0057,67.1
1,2018-01-01T05:15,61,0.0132,68.3
2,2018-01-01T05:15,84,0.0136,68.2
0,2018-01-01T05:20,68,0.0077,66.6
1,2018-01-01T05:20,67,0.0154,68.1
2,2018-01-01T05:20,60,0.0093,68.8
0,2018-01-01T05:25,47,0.0054,68.7
1,2018-01-01T05:25,66,0.0143,68.8
2,2018-01-01T05:25,126,0.0216,67.9
0,2018-01-01T05:30,51,0.0075,67.6
1,2018-01-01T05:30,67,0.0176,65
2,2018-01-01T05:30,51,0.0083,69.1
0,2018-01-01T05:35,55,0.0066,68.5
1,2018-01-01T05:35,81,0.0191,65.8
2,2018-01-01T05:35,98,0.0152,68.4
0,2018-01-01T05:40,67,0.0078,67.1
1,2018-01-01T05:40,93,0.022,65.9
2,2018-01-01T05:40,92,0.0149,68.4
0,2018-01-01T05:45,77,0.0097,67.2
1,2018-01-01T05:45,60,0.014,66
2,2018-01-01T05:45,55,0.01,68.2
0,2018-01-01T05:50,67,0.0083,68.2
1,2018-01-01T05:50,61,0.0125,67.1
2,2018-01-01T05:50,108,0.017,68.3
0,2018-01-01T05:55,51,0.0062,68.1
1,2018-01-01T05:55,71,0.0181,64.7
2,2018-01-01T05:55,111,0.017,68.8
0,2018-01-01T06:00,59,0.0075,67.7
1,2018-01-01T06:00,78,0.0195,63.9
2,2018-01-01T06:00,54,0.0081,68.5
0,2018-01-01T06:05,57,0.0074,67.8
1,2018-01-01T06:05,41,0.0104,65.1
2,2018-01-01T06:05,114,0.0175,69.3
0,2018-01-01T06:10,84,0.0101,67.9
1,2018-01-01T06:10,74,0.0173,65.7
2,2018-01-01T06:10,130,0.0206,68.9
0,2018-01-01T06:15,77,0.0091,67.6
1,2018-01-01T06:15,77,0.018,64.4
2,2018-01-01T06:15,134,0.0227,67.8
0,2018-01-01T06:20,79,0.0092,68.7
1,2018-01-01T06:20,82,0.0177,65.8
2,2018-01-01T06:20,84,0.0128,68.1
0,2018-01-01T06:25,85,0.0102,67.6
1,2018-01-01T06:25,79,0.0203,64.2
2,2018-01-01T06:25,162,0.0261,68.3
0,2018-01-01T06:30,83,0.0102,68.6
1,2018-01-01T06:30,86,0.02,66
2,2018-01-01T06:30,134,0.0211,68.1
0,2018-01-01T06:35,80,0.0101,68.4
1,2018-01-01T06:35,91,0.0198,66.5
2,2018-01-01T06:35,132,0.0218,67.6
0,2018-01-01T06:40,114,0.017,66.5
1,2018-01-01T06:40,67,0.0156,65.8
2,2018-01-01T06:40,132,0.0215,67.9
0,2018-01-01T06:45,109,0.0142,66.8
1,2018-01-01T06:45,87,0.0204,66.5
2,2018-01-01T06:45,161,0.025,68.5
0,2018-01-01T06:50,104,0.0128,68.1
1,2018-01-01T06:50,69,0.0159,66.8
2,2018-01-01T06:50,129,0.0207,68.6
0,2018-01-01T06:55,90,0.0112,68.5
1,2018-01-01T06:55,76,0.0175,66.2
2,2018-01-01T06:55,61,0.0103,67.5
0,2018-01-01T07:00,67,0.008,68.1
1,2018-01-01T07:00,62,0.0152,66
2,2018-01-01T07:00,105,0.0166,68.5
0,2018-01-01T07:05,72,0.0091,68.4
1,2018-01-01T07:05,83,0.0191,66.4
2,2018-01-01T07:05,103,0.017,67.5
0,2018-01-01T07:10,75,0.0095,68.9
1,2018-01-01T07:10,49,0.0128,65.5
2,2018-01-01T07:10,103,0.0165,68.3
0,2018-01-01T07:15,76,0.009,67.6
1,2018-01-01T07:15,63,0.0145,65.5
2,2018-01-01T07:15,74,0.0117,68.7
0,2018-01-01T07:20,67,0.0076,68.4
1,2018-01-01T07:20,54,0.0114,67.2
2,2018-01-01T07:20,93,0.0164,67.4
0,2018-01-01T07:25,70,0.0083,67.3
1,2018-01-01T07:25,85,0.0195,66
2,2018-01-01T07:25,88,0.0138,67.6
0,2018-01-01T07:30,80,0.0128,65.1
1,2018-01-01T07:30,58,0.0133,66.8
2,2018-01-01T07:30,116,0.0185,68.2
0,2018-01-01T07:35,91,0.0248,58.8
1,2018-01-01T07:35,111,0.024,69
2,2018-01-01T07:35,24,0.0042,67
0,2018-01-01T07:40,88,0.0106,64.2
1,2018-01-01T07:40,105,0.0203,71.1
2,2018-01-01T07:40,65,0.0108,68.6
0,2018-01-01T07:45,109,0.0184,61.2
1,2018-01-01T07:45,85,0.0184,69.5
2,2018-01-01T07:45,107,0.018,67.3
0,2018-01-01T07:50,74,0.009,64.8
1,2018-01-01T07:50,79,0.0187,67.1
2,2018-01-01T07:50,139,0.0233,66.7
0,2018-01-01T07:55,93,0.0109,65.7
1,2018-01-01T07:55,84,0.0165,70.1
2,2018-01-01T07:55,49,0.0074,68
0,2018-01-01T08:00,104,0.013,67.8
1,2018-01-01T08:00,112,0.0226,71
2,2018-01-01T08:00,63,0.0094,67.7
0,2018-01-01T08:05,96,0.0119,67.2
1,2018-01-01T08:05,87,0.0222,66.1
2,2018-01-01T08:05,125,0.0195,68.2
0,2018-01-01T08:10,83,0.0098,67.5
1,2018-01-01T08:10,75,0.0167,67
2,2018-01-01T08:10,129,0.02,68.9
0,2018-01-01T08:15,95,0.0119,67.9
1,2018-01-01T08:15,115,0.0284,65.1
2,2018-01-01T08:15,118,0.0178,69.1
0,2018-01-01T08:20,84,0.0108,68.1
1,2018-01-01T08:20,111,0.0256,65.1
2,2018-01-01T08:20,131,0.0201,68.7
0,2018-01-01T08:25,91,0.0113,67.8
1,2018-01-01T08:25,112,0.0249,67
2,2018-01-01T08:25,152,0.0232,69.3
0,2018-01-01T08:30,116,0.0149,67
1,2018-01-01T08:30,97,0.0213,67.7
2,2018-01-01T08:30,186,0.0297,68.9
0,2018-01-01T08:35,110,0.0138,68.1
1,2018-01-01T08:35,118,0.0266,66.9
2,2018-01-01T08:35,153,0.0235,68.5
0,2018-01-01T08:40,129,0.0171,67.1
1,2018-01-01T08:40,126,0.0289,66.2
2,2018-01-01T08:40,159,0.0263,66.7
0,2018-01-01T08:45,104,0.0153,66
1,2018-01-01T08:45,137,0.03,67.3
2,2018-01-01T08:45,65,0.0114,67.1
0,2018-01-01T08:50,133,0.0167,67.2
1,2018-01-01T08:50,85,0.021,66.5
2,2018-01-01T08:50,144,0.0233,67.7
0,2018-01-01T08:55,123,0.0155,66.9
1,2018-01-01T08:55,108,0.0257,65.6
2,2018-01-01T08:55,166,0.0263,67.5
0,2018-01-01T09:00,120,0.0149,67.4
1,2018-01-01T09:00,111,0.0249,67.5
2,2018-01-01T09:00,158,0.0241,68.4
0,2018-01-01T09:05,123,0.0154,68.6
1,2018-01-01T09:05,80,0.02,65.8
2,2018-01-01T09:05,137,0.0216,68.5
0,2018-01-01T09:10,124,0.0157,68
1,2018-01-01T09:10,82,0.0213,64.9
2,2018-01-01T09:10,156,0.0264,67.7
0,2018-01-01T09:15,137,0.017,68
1,2018-01-01T09:15,114,0.0264,66.3
2,2018-01-01T09:15,148,0.0232,67.6
0,2018-01-01T09:20,146,0.0185,68.1
1,2018-01-01T09:20,114,0.026,67.7
2,2018-01-01T09:20,87,0.0139,67.5
0,2018-01-01T09:25,137,0.0177,67.5
1,2018-01-01T09:25,112,0.0263,67.9
2,2018-01-01T09:25,143,0.0226,68.1
0,2018-01-01T09:30,160,0.0203,68.1
1,2018-01-01T09:30,133,0.0324,66.4
2,2018-01-01T09:30,51,0.008,67.7
0,2018-01-01T09:35,167,0.0206,68.1
1,2018-01-01T09:35,117,0.0266,67.1
2,2018-01-01T09:35,187,0.0288,68.8
0,2018-01-01T09:40,173,0.022,67.9
1,2018-01-01T09:40,119,0.0292,66.3
2,2018-01-01T09:40,175,0.028,68.2
0,2018-01-01T09:45,208,0.0268,67.8
1,2018-01-01T09:45,122,0.0287,66.8
2,2018-01-01T09:45,214,0.0351,67
0,2018-01-01T09:50,193,0.0241,68.2
1,2018-01-01T09:50,121,0.032,63.7
2,2018-01-01T09:50,173,0.0275,67.7
0,2018-01-01T09:55,172,0.0237,66.6
1,2018-01-01T09:55,122,0.0292,64.7
2,2018-01-01T09:55,116,0.0185,67.2
0,2018-01-01T10:00,164,0.0208,67.9
1,2018-01-01T10:00,109,0.0261,64.8
2,2018-01-01T10:00,59,0.0091,67.9
0,2018-01-01T10:05,172,0.0216,68.5
1,2018-01-01T10:05,136,0.0331,63.5
2,2018-01-01T10:05,149,0.0231,69.1
0,2018-01-01T10:10,198,0.025,69
1,2018-01-01T10:10,114,0.0277,62.5
2,2018-01-01T10:10,149,0.024,69.2
0,2018-01-01T10:15,212,0.0278,68.9
1,2018-01-01T10:15,175,0.0418,62.5
2,2018-01-01T10:15,164,0.0287,66.8
0,2018-01-01T10:20,182,0.0225,69.2
1,2018-01-01T10:20,144,0.035,63.7
2,2018-01-01T10:20,69,0.0114,67.4
0,2018-01-01T10:25,183,0.0233,68.9
1,2018-01-01T10:25,154,0.037,63.5
2,2018-01-01T10:25,0,0,67.9
0,2018-01-01T10:30,193,0.0249,68.8
1,2018-01-01T10:30,147,0.0351,63.6
2,2018-01-01T10:30,156,0.0249,68.5
0,2018-01-01T10:35,216,0.0274,68.8
1,2018-01-01T10:35,163,0.0392,63.7
2,2018-01-01T10:35,108,0.0185,68.1
0,2018-01-01T10:40,222,0.0281,69.4
1,2018-01-01T10:40,173,0.0381,65.4
2,2018-01-01T10:40,227,0.0369,67.9
0,2018-01-01T10:45,246,0.0306,69.9
1,2018-01-01T10:45,177,0.0459,62.7
2,2018-01-01T10:45,120,0.0195,68.5
0,2018-01-01T10:50,224,0.0278,69.9
1,2018-01-01T10:50,183,0.043,63.9
2,2018-01-01T10:50,113,0.018,68.4
0,2018-01-01T10:55,226,0.0289,69.3
1,2018-01-01T10:55,192,0.0468,63.3
2,2018-01-01T10:55,143,0.0222,69.6
0,2018-01-01T11:00,254,0.0325,69.3
1,2018-01-01T11:00,170,0.0423,61.7
2,2018-01-01T11:00,141,0.0226,68.3
0,2018-01-01T11:05,250,0.0321,69.3
1,2018-01-01T11:05,173,0.0423,62.4
2,2018-01-01T11:05,50,0.0078,69
0,2018-01-01T11:10,217,0.0279,68.7
1,2018-01-01T11:10,186,0.0438,63
2,2018-01-01T11:10,221,0.0346,69.3
0,2018-01-01T11:15,248,0.0315,69.3
1,2018-01-01T11:15,173,0.0438,61
2,2018-01-01T11:15,183,0.0299,68.2
0,2018-01-01T11:20,219,0.0289,69.5
1,2018-01-01T11:20,155,0.0388,61.6
2,2018-01-01T11:20,132,0.0221,68
0,2018-01-01T11:25,245,0.0313,69.3
1,2018-01-01T11:25,171,0.0435,60.4
2,2018-01-01T11:25,349,0.057,67.5
0,2018-01-01T11:30,245,0.0319,68.7
1,2018-01-01T11:30,187,0.0481,59.9
2,2018-01-01T11:30,217,0.0353,67.5
0,2018-01-01T11:35,235,0.0307,68.4
1,2018-01-01T11:35,148,0.0392,59.2
2,2018-01-01T11:35,215,0.0359,66.9
0,2018-01-01T11:40,272,0.0344,68.9
1,2018-01-01T11:40,213,0.0534,59.3
2,2018-01-01T11:40,119,0.0191,67.8
0,2018-01-01T11:45,299,0.0383,69.3
1,2018-01-01T11:45,188,0.0494,59.3
2,2018-01-01T11:45,215,0.0361,67
0,2018-01-01T11:50,257,0.0332,69.3
1,2018-01-01T11:50,204,0.0535,59.2
2,2018-01-01T11:50,301,0.0483,67.5
0,2018-01-01T11:55,259,0.0343,68.6
1,2018-01-01T11:55,212,0.0545,58.4
2,2018-01-01T11:55,95,0.0158,67.3
0,2018-01-01T12:00,246,0.0317,69
1,2018-01-01T12:00,184,0.0456,60.8
2,2018-01-01T12:00,139,0.0229,68
0,2018-01-01T12:05,245,0.0318,68.4
1,2018-01-01T12:05,156,0.0399,59.5
2,2018-01-01T12:05,173,0.0276,69
0,2018-01-01T12:10,260,0.0338,68.8
1,2018-01-01T12:10,222,0.0575,59.8
2,2018-01-01T12:10,86,0.0145,68.4
0,2018-01-01T12:15,249,0.0312,69.3
1,2018-01-01T12:15,189,0.0447,61.6
2,2018-01-01T12:15,144,0.0251,67.3
0,2018-01-01T12:20,289,0.0369,69.3
1,2018-01-01T12:20,241,0.0616,61.3
2,2018-01-01T12:20,238,0.0412,66.2
0,2018-01-01T12:25,309,0.0398,69.4
1,2018-01-01T12:25,239,0.0597,61.6
2,2018-01-01T12:25,38,0.0062,67.1
0,2018-01-01T12:30,297,0.0386,68.9
1,2018-01-01T12:30,180,0.0465,59.8
2,2018-01-01T12:30,173,0.0286,68
0,2018-01-01T12:35,251,0.0314,69.3
1,2018-01-01T12:35,216,0.0561,59.9
2,2018-01-01T12:35,23,0.0039,67.5
0,2018-01-01T12:40,313,0.0403,69.4
1,2018-01-01T12:40,202,0.0525,58.6
2,2018-01-01T12:40,209,0.0361,66.9
0,2018-01-01T12:45,335,0.0428,69.4
1,2018-01-01T12:45,235,0.058,60.3
2,2018-01-01T12:45,192,0.0312,67.4
0,2018-01-01T12:50,267,0.0346,69
1,2018-01-01T12:50,196,0.0497,60.6
2,2018-01-01T12:50,149,0.0239,68.3
0,2018-01-01T12:55,319,0.0411,68.9
1,2018-01-01T12:55,234,0.0576,60.8
2,2018-01-01T12:55,85,0.0148,67.3
0,2018-01-01T13:00,331,0.0435,68.4
1,2018-01-01T13:00,212,0.0535,60.7
2,2018-01-01T13:00,410,0.0685,66.5
0,2018-01-01T13:05,306,0.0398,68.4
1,2018-01-01T13:05,219,0.0576,59.9
2,2018-01-01T13:05,233,0.0374,66.7
0,2018-01-01T13:10,325,0.0414,69.1
1,2018-01-01T13:10,240,0.0627,59.4
2,2018-01-01T13:10,72,0.0125,67.3
0,2018-01-01T13:15,343,0.0447,68.9
1,2018-01-01T13:15,226,0.0574,59.5
2,2018-01-01T13:15,93,0.0152,68.1
0,2018-01-01T13:20,316,0.0407,68.7
1,2018-01-01T13:20,194,0.0485,60.9
2,2018-01-01T13:20,208,0.0337,68
0,2018-01-01T13:25,291,0.0396,66.9
1,2018-01-01T13:25,220,0.0595,58.9
2,2018-01-01T13:25,393,0.0644,66.8
0,2018-01-01T13:30,354,0.0688,62
1,2018-01-01T13:30,204,0.0548,58.4
2,2018-01-01T13:30,114,0.0182,67.5
0,2018-01-01T13:35,227,0.0292,65.7
1,2018-01-01T13:35,265,0.066,59.9
2,2018-01-01T13:35,78,0.0124,68.2
0,2018-01-01T13:40,271,0.0349,67.1
1,2018-01-01T13:40,254,0.0639,60.6
2,2018-01-01T13:40,241,0.0396,67.7
0,2018-01-01T13:45,339,0.0685,61.2
1,2018-01-01T13:45,244,0.0628,59.9
2,2018-01-01T13:45,392,0.0645,66.2
0,2018-01-01T13:50,313,0.0405,64.2
1,2018-01-01T13:50,282,0.0711,60.2
2,2018-01-01T13:50,227,0.0353,67.4
0,2018-01-01T13:55,333,0.0438,65.3
1,2018-01-01T13:55,242,0.0607,60.9
2,2018-01-01T13:55,91,0.0148,68.1
0,2018-01-01T14:00,352,0.046,67.1
1,2018-01-01T14:00,229,0.0567,61
2,2018-01-01T14:00,415,0.0673,67.7
0,2018-01-01T14:05,278,0.0356,68.1
1,2018-01-01T14:05,250,0.0625,61.9
2,2018-01-01T14:05,194,0.0321,67
0,2018-01-01T14:10,303,0.0406,67.8
1,2018-01-01T14:10,208,0.0521,61.8
2,2018-01-01T14:10,293,0.0474,67
0,2018-01-01T14:15,317,0.041,67.8
1,2018-01-01T14:15,243,0.0655,60.3
2,2018-01-01T14:15,297,0.0494,65.8
0,2018-01-01T14:20,384,0.0517,67.7
1,2018-01-01T14:20,272,0.0709,59.3
2,2018-01-01T14:20,335,0.058,64.6
0,2018-01-01T14:25,375,0.0494,67.6
1,2018-01-01T14:25,216,0.0554,59.8
2,2018-01-01T14:25,400,0.0666,64.8
0,2018-01-01T14:30,301,0.0384,68.4
1,2018-01-01T14:30,220,0.0529,61.4
2,2018-01-01T14:30,398,0.0646,65.8
0,2018-01-01T14:35,364,0.0469,69.1
1,2018-01-01T14:35,230,0.0587,61.3
2,2018-01-01T14:35,331,0.0542,66.1
0,2018-01-01T14:40,249,0.0314,69
1,2018-01-01T14:40,192,0.0512,59.1
2,2018-01-01T14:40,273,0.0444,66.9
0,2018-01-01T14:45,366,0.0466,69.7
1,2018-01-01T14:45,206,0.0853,53.2
2,2018-01-01T14:45,343,0.0568,66
0,2018-01-01T14:50,329,0.0421,69.8
1,2018-01-01T14:50,224,0.0581,56.2
2,2018-01-01T14:50,383,0.0636,65.7
0,2018-01-01T14:55,344,0.0484,67.1
1,2018-01-01T14:55,170,0.0455,57.3
2,2018-01-01T14:55,262,0.0431,65.9
0,2018-01-01T15:00,277,0.0357,68.9
1,2018-01-01T15:00,240,0.056,61.1
2,2018-01-01T15:00,364,0.0592,66.6
0,2018-01-01T15:05,332,0.042,70.1
1,2018-01-01T15:05,229,0.0587,60.3
2,2018-01-01T15:05,199,0.0333,66
0,2018-01-01T15:10,261,0.0335,69.7
1,2018-01-01T15:10,175,0.0402,63.4
2,2018-01-01T15:10,261,0.0421,66.7
0,2018-01-01T15:15,295,0.0382,70.4
1,2018-01-01T15:15,209,0.0512,62.8
2,2018-01-01T15:15,258,0.043,66.2
0,2018-01-01T15:20,287,0.036,70.9
1,2018-01-01T15:20,223,0.0575,61.5
2,2018-01-01T15:20,300,0.0496,66
0,2018-01-01T15:25,309,0.0398,70.4
1,2018-01-01T15:25,199,0.0523,59.5
2,2018-01-01T15:25,401,0.0656,66.4
0,2018-01-01T15:30,286,0.0424,66.7
1,2018-01-01T15:30,208,0.0536,60.3
2,2018-01-01T15:30,320,0.0519,66.9
0,2018-01-01T15:35,341,0.046,68
1,2018-01-01T15:35,250,0.0659,59.7
2,2018-01-01T15:35,361,0.0582,67.3
0,2018-01-01T15:40,215,0.0288,67.6
1,2018-01-01T15:40,200,0.0508,60.2
2,2018-01-01T15:40,257,0.0438,65.7
0,2018-01-01T15:45,252,0.0329,68.4
1,2018-01-01T15:45,194,0.0526,59.5
2,2018-01-01T15:45,368,0.0597,66.6
0,2018-01-01T15:50,310,0.0401,69.3
1,2018-01-01T15:50,176,0.0429,60.6
2,2018-01-01T15:50,382,0.0632,66.4
0,2018-01-01T15:55,330,0.044,68.9
1,2018-01-01T15:55,206,0.0551,59.9
2,2018-01-01T15:55,283,0.0476,65.7
0,2018-01-01T16:00,275,0.0353,69.7
1,2018-01-01T16:00,217,0.0524,60.2
2,2018-01-01T16:00,338,0.0561,67.6
0,2018-01-01T16:05,290,0.0382,69.7
1,2018-01-01T16:05,177,0.0452,59.9
2,2018-01-01T16:05,250,0.0413,68.5
0,2018-01-01T16:10,303,0.0393,69.6
1,2018-01-01T16:10,211,0.0525,59.9
2,2018-01-01T16:10,351,0.0568,70.2
0,2018-01-01T16:15,296,0.0382,69.8
1,2018-01-01T16:15,210,0.0537,59.2
2,2018-01-01T16:15,220,0.0357,70.8
0,2018-01-01T16:20,333,0.0442,69.6
1,2018-01-01T16:20,201,0.0518,59.2
2,2018-01-01T16:20,317,0.0533,69.7
0,2018-01-01T16:25,268,0.034,69.5
1,2018-01-01T16:25,201,0.0513,58.8
2,2018-01-01T16:25,289,0.0491,69.3
0,2018-01-01T16:30,334,0.0433,70.1
1,2018-01-01T16:30,214,0.058,57
2,2018-01-01T16:30,251,0.0442,67.4
0,2018-01-01T16:35,318,0.0398,71.3
1,2018-01-01T16:35,217,0.0551,57.9
2,2018-01-01T16:35,358,0.0584,69.3
0,2018-01-01T16:40,302,0.0414,69
1,2018-01-01T16:40,245,0.0631,58.2
2,2018-01-01T16:40,314,0.053,68.9
0,2018-01-01T16:45,315,0.0411,69.6
1,2018-01-01T16:45,205,0.0518,58.5
2,2018-01-01T16:45,313,0.0535,68.7
0,2018-01-01T16:50,321,0.042,69.5
1,2018-01-01T16:50,212,0.0552,57.9
2,2018-01-01T16:50,233,0.0399,68.1
0,2018-01-01T16:55,224,0.0292,69.4
1,2018-01-01T16:55,180,0.0452,59
2,2018-01-01T16:55,297,0.048,69.9
0,2018-01-01T17:00,296,0.0389,70.1
1,2018-01-01T17:00,222,0.0563,59.9
2,2018-01-01T17:00,291,0.05,69.6
0,2018-01-01T17:05,282,0.0376,69.9
1,2018-01-01T17:05,180,0.0464,59.6
2,2018-01-01T17:05,302,0.0508,69.9
0,2018-01-01T17:10,276,0.0371,69.2
1,2018-01-01T17:10,245,0.0632,60.1
2,2018-01-01T17:10,284,0.0467,71.1
0,2018-01-01T17:15,300,0.0405,69.6
1,2018-01-01T17:15,206,0.0511,61.1
2,2018-01-01T17:15,299,0.0511,70.1
0,2018-01-01T17:20,307,0.0412,69
1,2018-01-01T17:20,219,0.0591,59.7
2,2018-01-01T17:20,141,0.0226,70.5
0,2018-01-01T17:25,235,0.0327,68.1
1,2018-01-01T17:25,186,0.0509,57.5
2,2018-01-01T17:25,236,0.0404,70.2
0,2018-01-01T17:30,320,0.0442,68
1,2018-01-01T17:30,223,0.0592,58.7
2,2018-01-01T17:30,200,0.036,68.3
0,2018-01-01T17:35,272,0.0473,63.9
1,2018-01-01T17:35,184,0.0497,57
2,2018-01-01T17:35,243,0.0422,68.4
0,2018-01-01T17:40,298,0.0414,65.6
1,2018-01-01T17:40,204,0.0545,58.3
2,2018-01-01T17:40,364,0.0656,67.3
0,2018-01-01T17:45,281,0.0384,66.1
1,2018-01-01T17:45,199,0.0528,58
2,2018-01-01T17:45,248,0.0459,65.9
0,2018-01-01T17:50,312,0.0415,68
1,2018-01-01T17:50,189,0.0498,57.9
2,2018-01-01T17:50,213,0.0374,66.5
0,2018-01-01T17:55,290,0.0394,68.4
1,2018-01-01T17:55,191,0.0541,56.6
2,2018-01-01T17:55,314,0.0567,66.7
0,2018-01-01T18:00,310,0.0415,68.6
1,2018-01-01T18:00,194,0.0538,56.8
2,2018-01-01T18:00,266,0.0454,68.4
0,2018-01-01T18:05,303,0.0641,63.1
1,2018-01-01T18:05,193,0.0507,56.8
2,2018-01-01T18:05,335,0.0576,68.6
0,2018-01-01T18:10,285,0.0389,65.3
1,2018-01-01T18:10,203,0.0565,56.2
2,2018-01-01T18:10,227,0.0401,68.1
0,2018-01-01T18:15,275,0.0379,66.5
1,2018-01-01T18:15,197,0.0529,57.3
2,2018-01-01T18:15,318,0.0549,68.5
0,2018-01-01T18:20,251,0.0337,67.3
1,2018-01-01T18:20,205,0.054,57.6
2,2018-01-01T18:20,331,0.0548,70.2
0,2018-01-01T18:25,285,0.0403,67.3
1,2018-01-01T18:25,218,0.0567,57.8
2,2018-01-01T18:25,323,0.0565,69
0,2018-01-01T18:30,310,0.0415,68.4
1,2018-01-01T18:30,120,0.0317,58.1
2,2018-01-01T18:30,284,0.0479,70.1
0,2018-01-01T18:35,273,0.0354,69.7
1,2018-01-01T18:35,283,0.0783,57.7
2,2018-01-01T18:35,174,0.0314,68.1
0,2018-01-01T18:40,310,0.041,69.8
1,2018-01-01T18:40,199,0.0577,55.3
2,2018-01-01T18:40,239,0.041,68.8
0,2018-01-01T18:45,281,0.0387,68.8
1,2018-01-01T18:45,215,0.0542,58
2,2018-01-01T18:45,191,0.0323,69.3
0,2018-01-01T18:50,272,0.0372,69
1,2018-01-01T18:50,208,0.0561,58.2
2,2018-01-01T18:50,283,0.0502,68.3
0,2018-01-01T18:55,245,0.0334,69.2
1,2018-01-01T18:55,209,0.0559,57.6
2,2018-01-01T18:55,245,0.0435,67.8
0,2018-01-01T19:00,265,0.0357,68.4
1,2018-01-01T19:00,165,0.0422,60.2
2,2018-01-01T19:00,228,0.0404,67.4
0,2018-01-01T19:05,249,0.0336,68.5
1,2018-01-01T19:05,212,0.0515,61.2
2,2018-01-01T19:05,267,0.046,67.8
0,2018-01-01T19:10,257,0.0349,68.6
1,2018-01-01T19:10,187,0.0479,61.5
2,2018-01-01T19:10,226,0.0378,69.5
0,2018-01-01T19:15,279,0.0395,67.6
1,2018-01-01T19:15,159,0.0401,61.7
2,2018-01-01T19:15,239,0.0406,69.1
0,2018-01-01T19:20,261,0.0356,67
1,2018-01-01T19:20,170,0.0486,59
2,2018-01-01T19:20,268,0.0488,66.9
0,2018-01-01T19:25,214,0.0279,68.6
1,2018-01-01T19:25,154,0.0398,60.4
2,2018-01-01T19:25,240,0.0428,66.3
0,2018-01-01T19:30,260,0.0345,68.6
1,2018-01-01T19:30,152,0.0399,61.5
2,2018-01-01T19:30,308,0.053,67.3
0,2018-01-01T19:35,257,0.0338,69
1,2018-01-01T19:35,187,0.0509,60
2,2018-01-01T19:35,257,0.0453,67.1
0,2018-01-01T19:40,280,0.0374,69.1
1,2018-01-01T19:40,185,0.0469,61.9
2,2018-01-01T19:40,158,0.0263,68.5
0,2018-01-01T19:45,288,0.0377,69.3
1,2018-01-01T19:45,183,0.0462,62.3
2,2018-01-01T19:45,237,0.0426,67.1
0,2018-01-01T19:50,224,0.0298,69.7
1,2018-01-01T19:50,176,0.0425,62.6
2,2018-01-01T19:50,223,0.0376,68.4
0,2018-01-01T19:55,233,0.0293,69.9
1,2018-01-01T19:55,181,0.0451,62.5
2,2018-01-01T19:55,254,0.0442,68
0,2018-01-01T20:00,232,0.0304,70
1,2018-01-01T20:00,156,0.0399,65.1
2,2018-01-01T20:00,169,0.032,66.1
0,2018-01-01T20:05,198,0.0261,69
1,2018-01-01T20:05,193,0.051,65.8
2,2018-01-01T20:05,237,0.0408,67.3
0,2018-01-01T20:10,164,0.0217,69.8
1,2018-01-01T20:10,187,0.0507,65.5
2,2018-01-01T20:10,149,0.0251,67.9
0,2018-01-01T20:15,259,0.0341,69
1,2018-01-01T20:15,144,0.0375,66
2,2018-01-01T20:15,213,0.0356,68.9
0,2018-01-01T20:20,204,0.0263,68.9
1,2018-01-01T20:20,125,0.0323,66.8
2,2018-01-01T20:20,276,0.0459,69.2
0,2018-01-01T20:25,202,0.0265,68.9
1,2018-01-01T20:25,139,0.0358,67.5
2,2018-01-01T20:25,251,0.0411,69.7
0,2018-01-01T20:30,225,0.0294,69.7
1,2018-01-01T20:30,176,0.0479,66
2,2018-01-01T20:30,205,0.0337,69.9
0,2018-01-01T20:35,225,0.0554,61.5
1,2018-01-01T20:35,148,0.0389,66.3
2,2018-01-01T20:35,174,0.029,69.7
0,2018-01-01T20:40,223,0.0293,65.1
1,2018-01-01T20:40,161,0.0397,68.7
2,2018-01-01T20:40,273,0.0467,69.4
0,2018-01-01T20:45,217,0.0299,66.4
1,2018-01-01T20:45,167,0.0438,67.8
2,2018-01-01T20:45,240,0.0394,70.2
0,2018-01-01T20:50,247,0.0329,67.3
1,2018-01-01T20:50,139,0.0344,70.2
2,2018-01-01T20:50,224,0.0377,69.7
0,2018-01-01T20:55,199,0.0275,66.5
1,2018-01-01T20:55,161,0.0415,68.6
2,2018-01-01T20:55,216,0.0361,69.9
0,2018-01-01T21:00,174,0.047,58.4
1,2018-01-01T21:00,118,0.0328,65.8
2,2018-01-01T21:00,203,0.0343,69.1
0,2018-01-01T21:05,189,0.0238,63.4
1,2018-01-01T21:05,158,0.0411,66.7
2,2018-01-01T21:05,221,0.0383,67.6
0,2018-01-01T21:10,224,0.0289,66.1
1,2018-01-01T21:10,138,0.0333,68.9
2,2018-01-01T21:10,171,0.028,68.5
0,2018-01-01T21:15,182,0.0246,67.1
1,2018-01-01T21:15,175,0.0369,75.4
2,2018-01-01T21:15,201,0.0345,68
0,2018-01-01T21:20,182,0.0243,67.6
1,2018-01-01T21:20,139,0.034,72.2
2,2018-01-01T21:20,172,0.0283,69.3
0,2018-01-01T21:25,208,0.0268,67.6
1,2018-01-01T21:25,172,0.0719,69.3
2,2018-01-01T21:25,218,0.0375,68.4
0,2018-01-01T21:30,173,0.0218,68.6
1,2018-01-01T21:30,166,0.0412,68.9
2,2018-01-01T21:30,189,0.0318,68.6
0,2018-01-01T21:35,200,0.0272,68.1
1,2018-01-01T21:35,112,0.0269,70.5
2,2018-01-01T21:35,236,0.0406,67.8
0,2018-01-01T21:40,191,0.0256,68.2
1,2018-01-01T21:40,128,0.0323,69.4
2,2018-01-01T21:40,228,0.0389,67.7
0,2018-01-01T21:45,216,0.0273,69
1,2018-01-01T21:45,155,0.0393,69.2
2,2018-01-01T21:45,184,0.0301,68.7
0,2018-01-01T21:50,177,0.0233,69.1
1,2018-01-01T21:50,127,0.0333,67.2
2,2018-01-01T21:50,250,0.0421,68.3
0,2018-01-01T21:55,205,0.0273,68.4
1,2018-01-01T21:55,127,0.0331,66.9
2,2018-01-01T21:55,204,0.0336,68.7
0,2018-01-01T22:00,203,0.0276,68.4
1,2018-01-01T22:00,134,0.0314,68.6
2,2018-01-01T22:00,247,0.0429,67.3
0,2018-01-01T22:05,191,0.0252,68.2
1,2018-01-01T22:05,129,0.0333,66.9
2,2018-01-01T22:05,175,0.0284,68.4
0,2018-01-01T22:10,174,0.0224,68.3
1,2018-01-01T22:10,121,0.0285,68.4
2,2018-01-01T22:10,205,0.0341,68.5
0,2018-01-01T22:15,124,0.016,68.6
1,2018-01-01T22:15,92,0.021,69.7
2,2018-01-01T22:15,179,0.0294,68.4
0,2018-01-01T22:20,205,0.0266,68.7
1,2018-01-01T22:20,94,0.0235,67.9
2,2018-01-01T22:20,213,0.0351,69
0,2018-01-01T22:25,177,0.0232,69
1,2018-01-01T22:25,138,0.0325,69.8
2,2018-01-01T22:25,225,0.0385,68
0,2018-01-01T22:30,164,0.021,69.7
1,2018-01-01T22:30,107,0.0259,69.3
2,2018-01-01T22:30,193,0.0328,67.6
0,2018-01-01T22:35,170,0.0223,68.9
1,2018-01-01T22:35,123,0.0297,69.2
2,2018-01-01T22:35,175,0.0278,69
0,2018-01-01T22:40,178,0.0229,69.4
1,2018-01-01T22:40,87,0.0187,71.9
2,2018-01-01T22:40,192,0.0322,68.1
0,2018-01-01T22:45,132,0.0169,69.3
1,2018-01-01T22:45,130,0.0265,75
2,2018-01-01T22:45,183,0.0299,69.1
0,2018-01-01T22:50,171,0.0216,68.9
1,2018-01-01T22:50,116,0.0286,70.5
2,2018-01-01T22:50,157,0.0257,69
0,2018-01-01T22:55,142,0.0184,69.6
1,2018-01-01T22:55,102,0.0247,70.1
2,2018-01-01T22:55,157,0.024,70.4
0,2018-01-01T23:00,162,0.0211,68.6
1,2018-01-01T23:00,88,0.0217,67.5
2,2018-01-01T23:00,156,0.0256,69.4
0,2018-01-01T23:05,138,0.0176,69.2
1,2018-01-01T23:05,78,0.0192,67.9
2,2018-01-01T23:05,134,0.0231,67.6
0,2018-01-01T23:10,129,0.0168,68.5
1,2018-01-01T23:10,96,0.0221,67.7
2,2018-01-01T23:10,118,0.0184,69.1
0,2018-01-01T23:15,98,0.0125,69.3
1,2018-01-01T23:15,72,0.0195,65
2,2018-01-01T23:15,162,0.028,68.2
0,2018-01-01T23:20,132,0.0178,68.9
1,2018-01-01T23:20,54,0.0134,65.5
2,2018-01-01T23:20,125,0.0206,68.5
0,2018-01-01T23:25,122,0.0154,68.5
1,2018-01-01T23:25,77,0.0176,66.4
2,2018-01-01T23:25,130,0.0211,69
0,2018-01-01T23:30,87,0.0113,69.1
1,2018-01-01T23:30,75,0.0168,68.1
2,2018-01-01T23:30,131,0.0221,69
0,2018-01-01T23:35,114,0.0146,69.1
1,2018-01-01T23:35,72,0.0164,68.6
2,2018-01-01T23:35,127,0.0209,68.9
0,2018-01-01T23:40,111,0.015,69.3
1,2018-01-01T23:40,42,0.0093,67.6
2,2018-01-01T23:40,127,0.0205,69.3
0,2018-01-01T23:45,135,0.0174,68.8
1,2018-01-01T23:45,85,0.0193,68.5
2,2018-01-01T23:45,107,0.017,69.5
0,2018-01-01T23:50,139,0.0173,68.7
1,2018-01-01T23:50,67,0.0171,66.5
2,2018-01-01T23:50,129,0.0221,68.2
0,2018-01-01T23:55,87,0.0107,68.9
1,2018-01-01T23:55,61,0.0181,65.1
2,2018-01-01T23:55,95,0.0158,68.3
0,2018-01-02T00:00,121,0.015,68.8
1,2018-01-02T00:00,80,0.0154,70.7
2,2018-01-02T00:00,83,0.0149,69.4
0,2018-01-02T00:05,85,0.0101,69
1,2018-01-02T00:05,85,0.0189,68.6
2,2018-01-02T00:05,88,0.0147,69
0,2018-01-02T00:10,81,0.0102,68.8
1,2018-01-02T00:10,33,0.0083,67.1
2,2018-01-02T00:10,88,0.0156,68.5
0,2018-01-02T00:15,86,0.0107,69
1,2018-01-02T00:15,41,0.009,66.9
2,2018-01-02T00:15,75,0.0116,69.1
0,2018-01-02T00:20,73,0.0092,68.7
1,2018-01-02T00:20,37,0.0087,67.7
2,2018-01-02T00:20,73,0.0129,67.7
0,2018-01-02T00:25,93,0.0118,68.6
1,2018-01-02T00:25,52,0.0121,67.2
2,2018-01-02T00:25,64,0.0099,68.9
0,2018-01-02T00:30,76,0.0096,68.5
1,2018-01-02T00:30,55,0.0127,68.8
2,2018-01-02T00:30,67,0.0126,68.2
0,2018-01-02T00:35,68,0.0086,68.4
1,2018-01-02T00:35,44,0.0093,69.9
2,2018-01-02T00:35,65,0.0099,68.5
0,2018-01-02T00:40,71,0.0091,69.1
1,2018-01-02T00:40,46,0.0081,70.6
2,2018-01-02T00:40,62,0.0106,68.7
0,2018-01-02T00:45,69,0.0088,68.6
1,2018-01-02T00:45,41,0.0084,69.2
2,2018-01-02T00:45,75,0.0135,68.6
0,2018-01-02T00:50,79,0.0102,68.8
1,2018-01-02T00:50,55,0.0105,70
2,2018-01-02T00:50,66,0.0117,67.8
0,2018-01-02T00:55,73,0.0089,68.7
1,2018-01-02T00:55,44,0.0074,71.2
2,2018-01-02T00:55,61,0.0104,68.1
0,2018-01-02T01:00,76,0.0096,68.7
1,2018-01-02T01:00,47,0.0091,69.4
2,2018-01-02T01:00,53,0.0092,68.2
0,2018-01-02T01:05,40,0.005,69.4
1,2018-01-02T01:05,34,0.007,68.9
2,2018-01-02T01:05,64,0.0111,68.9
0,2018-01-02T01:10,61,0.0076,68.6
1,2018-01-02T01:10,46,0.0111,68.1
2,2018-01-02T01:10,56,0.0106,68.3
0,2018-01-02T01:15,78,0.0091,68.3
1,2018-01-02T01:15,48,0.0107,67.2
2,2018-01-02T01:15,65,0.0123,67.3
0,2018-01-02T01:20,60,0.0079,68.9
1,2018-01-02T01:20,57,0.0104,70.9
2,2018-01-02T01:20,53,0.0104,66.8
0,2018-01-02T01:25,66,0.008,68.7
1,2018-01-02T01:25,42,0.0096,67.7
2,2018-01-02T01:25,53,0.0116,67.2
0,2018-01-02T01:30,55,0.0071,69.1
1,2018-01-02T01:30,26,0.005,67.6
2,2018-01-02T01:30,77,0.0154,66.8
0,2018-01-02T01:35,44,0.0056,69.9
1,2018-01-02T01:35,41,0.0101,68.1
2,2018-01-02T01:35,68,0.0103,68.3
0,2018-01-02T01:40,36,0.0049,68.7
1,2018-01-02T01:40,59,0.0103,70.4
2,2018-01-02T01:40,65,0.0123,67.9
0,2018-01-02T01:45,36,0.0042,68.7
1,2018-01-02T01:45,24,0.0042,69.3
2,2018-01-02T01:45,48,0.0086,68.3
0,2018-01-02T01:50,44,0.006,67
1,2018-01-02T01:50,30,0.0053,69.2
2,2018-01-02T01:50,57,0.0103,67.5
0,2018-01-02T01:55,53,0.006,67.1
1,2018-01-02T01:55,22,0.0062,67.8
2,2018-01-02T01:55,62,0.0106,68.1
0,2018-01-02T02:00,46,0.0051,68.3
1,2018-01-02T02:00,33,0.0071,68.5
2,2018-01-02T02:00,42,0.0076,68.3
0,2018-01-02T02:05,44,0.0051,67.6
1,2018-01-02T02:05,40,0.0098,67.6
2,2018-01-02T02:05,55,0.011,67.9
0,2018-01-02T02:10,40,0.0108,64.3
1,2018-01-02T02:10,41,0.008,69.1
2,2018-01-02T02:10,56,0.0106,68.2
0,2018-01-02T02:15,31,0.0039,66.5
1,2018-01-02T02:15,40,0.0063,70.2
2,2018-01-02T02:15,64,0.0106,68.7
0,2018-01-02T02:20,31,0.0037,65.1
1,2018-01-02T02:20,42,0.0086,69.6
2,2018-01-02T02:20,54,0.0094,69
0,2018-01-02T02:25,29,0.0037,68.9
1,2018-01-02T02:25,49,0.0108,69.6
2,2018-01-02T02:25,57,0.01,68.8
0,2018-01-02T02:30,24,0.0028,67.3
1,2018-01-02T02:30,46,0.0085,70.5
2,2018-01-02T02:30,67,0.0116,69
0,2018-01-02T02:35,28,0.0034,68.7
1,2018-01-02T02:35,45,0.0102,67.2
2,2018-01-02T02:35,65,0.0122,69.1
0,2018-01-02T02:40,45,0.0056,68.7
1,2018-01-02T02:40,43,0.0114,67.6
2,2018-01-02T02:40,74,0.0139,67.5
0,2018-01-02T02:45,27,0.0034,69.1
1,2018-01-02T02:45,36,0.0107,66.7
2,2018-01-02T02:45,53,0.0096,68
0,2018-01-02T02:50,45,0.0056,68.1
1,2018-01-02T02:50,57,0.0122,68.2
2,2018-01-02T02:50,59,0.0112,68.4
0,2018-01-02T02:55,43,0.0052,66.7
1,2018-01-02T02:55,55,0.0125,67.6
2,2018-01-02T02:55,67,0.0108,68.8
0,2018-01-02T03:00,32,0.0037,68.3
1,2018-01-02T03:00,52,0.0097,69.8
2,2018-01-02T03:00,68,0.0134,67.7
0,2018-01-02T03:05,29,0.0039,69.2
1,2018-01-02T03:05,51,0.0109,68.1
2,2018-01-02T03:05,72,0.0135,68
0,2018-01-02T03:10,29,0.0039,68.6
1,2018-01-02T03:10,39,0.0098,68.3
2,2018-01-02T03:10,59,0.0103,69
0,2018-01-02T03:15,39,0.0049,68.9
1,2018-01-02T03:15,53,0.0148,64.8
2,2018-01-02T03:15,98,0.0209,66.3
0,2018-01-02T03:20,51,0.0062,67.8
1,2018-01-02T03:20,92,0.0226,65.9
2,2018-01-02T03:20,108,0.02,67.9
0,2018-01-02T03:25,44,0.0054,69
1,2018-01-02T03:25,40,0.0121,65.8
2,2018-01-02T03:25,95,0.0164,68.2
0,2018-01-02T03:30,68,0.0088,68.6
1,2018-01-02T03:30,55,0.0229,60.9
2,2018-01-02T03:30,132,0.0233,68.7
0,2018-01-02T03:35,64,0.0077,68.2
1,2018-01-02T03:35,85,0.0198,65.5
2,2018-01-02T03:35,125,0.0229,68.5
0,2018-01-02T03:40,47,0.006,69.3
1,2018-01-02T03:40,82,0.0191,66.6
2,2018-01-02T03:40,143,0.0249,68.7
0,2018-01-02T03:45,75,0.0092,68.6
1,2018-01-02T03:45,97,0.0264,63.5
2,2018-01-02T03:45,111,0.0187,69.8
0,2018-01-02T03:50,69,0.0085,68.8
1,2018-01-02T03:50,92,0.0265,62.2
2,2018-01-02T03:50,187,0.0304,70.6
0,2018-01-02T03:55,84,0.0099,69
1,2018-01-02T03:55,105,0.0272,62.2
2,2018-01-02T03:55,163,0.0289,69.3
0,2018-01-02T04:00,84,0.011,69.5
1,2018-01-02T04:00,97,0.0235,67.6
2,2018-01-02T04:00,139,0.0241,70.3
0,2018-01-02T04:05,83,0.0105,69.7
1,2018-01-02T04:05,108,0.0285,67.7
2,2018-01-02T04:05,170,0.0317,68.7
0,2018-01-02T04:10,79,0.0102,69.2
1,2018-01-02T04:10,106,0.0266,69.2
2,2018-01-02T04:10,219,0.0418,67.1
0,2018-01-02T04:15,73,0.0091,69.1
1,2018-01-02T04:15,134,0.0344,68.8
2,2018-01-02T04:15,217,0.0371,68.5
0,2018-01-02T04:20,113,0.0141,69.8
1,2018-01-02T04:20,116,0.0325,67.2
2,2018-01-02T04:20,243,0.0429,68.6
0,2018-01-02T04:25,148,0.0181,69.2
1,2018-01-02T04:25,122,0.0344,65.9
2,2018-01-02T04:25,309,0.0528,69.8
0,2018-01-02T04:30,116,0.014,70.2
1,2018-01-02T04:30,149,0.0402,66.8
2,2018-01-02T04:30,259,0.0439,69.8
0,2018-01-02T04:35,116,0.0154,69.6
1,2018-01-02T04:35,168,0.0439,68.3
2,2018-01-02T04:35,357,0.0586,70.7
0,2018-01-02T04:40,159,0.0205,68.7
1,2018-01-02T04:40,168,0.0481,66.4
2,2018-01-02T04:40,367,0.0596,71.7
0,2018-01-02T04:45,174,0.0218,70
1,2018-01-02T04:45,203,0.0551,66.8
2,2018-01-02T04:45,465,0.0876,67.3
0,2018-01-02T04:50,148,0.0186,69.7
1,2018-01-02T04:50,182,0.055,63.8
2,2018-01-02T04:50,406,0.0674,68.9
0,2018-01-02T04:55,172,0.0224,69.3
1,2018-01-02T04:55,212,0.0579,65.4
2,2018-01-02T04:55,334,0.0564,69.1
0,2018-01-02T05:00,126,0.0176,68.5
1,2018-01-02T05:00,197,0.0542,69.3
2,2018-01-02T05:00,388,0.0685,70.4
0,2018-01-02T05:05,204,0.0261,69
1,2018-01-02T05:05,228,0.0645,69.7
2,2018-01-02T05:05,514,0.0938,69.8
0,2018-01-02T05:10,191,0.0239,69.8
1,2018-01-02T05:10,255,0.0704,70.7
2,2018-01-02T05:10,465,0.0865,68.8
0,2018-01-02T05:15,207,0.0256,69.8
1,2018-01-02T05:15,306,0.085,70.9
2,2018-01-02T05:15,507,0.0982,67.3
0,2018-01-02T05:20,173,0.0223,70.2
1,2018-01-02T05:20,293,0.0831,70.4
2,2018-01-02T05:20,512,0.0961,67.4
0,2018-01-02T05:25,190,0.0246,69.3
1,2018-01-02T05:25,340,0.1053,67.1
2,2018-01-02T05:25,562,0.1066,67.1
0,2018-01-02T05:30,196,0.0255,69.7
1,2018-01-02T05:30,394,0.1173,67.1
2,2018-01-02T05:30,533,0.1038,66
0,2018-01-02T05:35,217,0.0275,69.2
1,2018-01-02T05:35,335,0.1023,66.2
2,2018-01-02T05:35,459,0.0845,67.4
0,2018-01-02T05:40,239,0.0303,70.1
1,2018-01-02T05:40,444,0.136,65.6
2,2018-01-02T05:40,542,0.1024,67.3
0,2018-01-02T05:45,165,0.0215,69.1
1,2018-01-02T05:45,415,0.1259,65.8
2,2018-01-02T05:45,570,0.1162,64.8
0,2018-01-02T05:50,246,0.0321,69.9
1,2018-01-02T05:50,411,0.1241,65.8
2,2018-01-02T05:50,429,0.0841,64.7
0,2018-01-02T05:55,227,0.0304,69
1,2018-01-02T05:55,439,0.1552,61.2
2,2018-01-02T05:55,505,0.1042,63.3
0,2018-01-02T06:00,202,0.0262,69.1
1,2018-01-02T06:00,377,0.1148,60.5
2,2018-01-02T06:00,519,0.1009,62.5
0,2018-01-02T06:05,229,0.03,69.6
1,2018-01-02T06:05,449,0.1446,58.9
2,2018-01-02T06:05,522,0.0998,62.5
0,2018-01-02T06:10,264,0.0345,69.9
1,2018-01-02T06:10,480,0.1591,56.9
2,2018-01-02T06:10,476,0.0942,61.6
0,2018-01-02T06:15,260,0.0344,69.8
1,2018-01-02T06:15,416,0.1354,56.7
2,2018-01-02T06:15,479,0.0943,61.3
0,2018-01-02T06:20,277,0.038,69.6
1,2018-01-02T06:20,468,0.1469,57.4
2,2018-01-02T06:20,375,0.0766,60.3
0,2018-01-02T06:25,307,0.0412,69.3
1,2018-01-02T06:25,410,0.14,55.8
2,2018-01-02T06:25,418,0.0897,58.2
0,2018-01-02T06:30,270,0.036,69.6
1,2018-01-02T06:30,434,0.1618,52.4
2,2018-01-02T06:30,376,0.077,58.6
0,2018-01-02T06:35,364,0.049,69.3
1,2018-01-02T06:35,410,0.1449,52.4
2,2018-01-02T06:35,507,0.1038,58.8
0,2018-01-02T06:40,385,0.0503,70.7
1,2018-01-02T06:40,395,0.1347,52.9
2,2018-01-02T06:40,368,0.0767,58.6
0,2018-01-02T06:45,357,0.0481,70.1
1,2018-01-02T06:45,392,0.1253,55.1
2,2018-01-02T06:45,371,0.075,59.1
0,2018-01-02T06:50,398,0.054,69.9
1,2018-01-02T06:50,375,0.1273,54.8
2,2018-01-02T06:50,415,0.0861,58.7
0,2018-01-02T06:55,440,0.0608,69.1
1,2018-01-02T06:55,356,0.1129,56
2,2018-01-02T06:55,285,0.0582,59
0,2018-01-02T07:00,397,0.054,69.6
1,2018-01-02T07:00,320,0.1097,54.5
2,2018-01-02T07:00,334,0.0683,59.3
0,2018-01-02T07:05,397,0.0545,69.1
1,2018-01-02T07:05,410,0.1315,55.8
2,2018-01-02T07:05,456,0.0927,59.4
0,2018-01-02T07:10,414,0.0587,68.2
1,2018-01-02T07:10,361,0.1229,54.9
2,2018-01-02T07:10,434,0.087,59.3
0,2018-01-02T07:15,460,0.0632,68.5
1,2018-01-02T07:15,347,0.1134,55.8
2,2018-01-02T07:15,326,0.0663,59.5
0,2018-01-02T07:20,451,0.0628,68.1
1,2018-01-02T07:20,304,0.0955,56.9
2,2018-01-02T07:20,465,0.092,59.9
0,2018-01-02T07:25,478,0.0669,68.4
1,2018-01-02T07:25,365,0.1172,57.1
2,2018-01-02T07:25,240,0.0423,64
0,2018-01-02T07:30,430,0.058,68.6
1,2018-01-02T07:30,335,0.1016,58.7
2,2018-01-02T07:30,506,0.0979,63.2
0,2018-01-02T07:35,432,0.0597,68.4
1,2018-01-02T07:35,317,0.0979,58.8
2,2018-01-02T07:35,451,0.09,61.5
0,2018-01-02T07:40,346,0.0469,68.8
1,2018-01-02T07:40,324,0.0981,59.7
2,2018-01-02T07:40,421,0.0883,59.2
0,2018-01-02T07:45,319,0.0435,69.1
1,2018-01-02T07:45,320,0.0997,59.2
2,2018-01-02T07:45,515,0.1074,58.5
0,2018-01-02T07:50,366,0.0498,68.8
1,2018-01-02T07:50,289,0.0859,60.1
2,2018-01-02T07:50,369,0.0668,62.2
0,2018-01-02T07:55,328,0.0443,68.8
1,2018-01-02T07:55,297,0.0979,58.5
2,2018-01-02T07:55,459,0.0932,61.2
0,2018-01-02T08:00,356,0.049,68.5
1,2018-01-02T08:00,357,0.102,61
2,2018-01-02T08:00,444,0.0903,60.3
0,2018-01-02T08:05,350,0.0473,68.6
1,2018-01-02T08:05,306,0.0941,60.7
2,2018-01-02T08:05,360,0.0682,61.6
0,2018-01-02T08:10,356,0.0481,68.8
1,2018-01-02T08:10,365,0.1093,61.3
2,2018-01-02T08:10,354,0.0727,60.3
0,2018-01-02T08:15,313,0.0418,69
1,2018-01-02T08:15,313,0.0874,63.7
2,2018-01-02T08:15,356,0.0695,61
0,2018-01-02T08:20,335,0.0438,69.4
1,2018-01-02T08:20,399,0.1168,63.2
2,2018-01-02T08:20,382,0.0753,61
0,2018-01-02T08:25,295,0.0387,69.8
1,2018-01-02T08:25,355,0.1099,61.5
2,2018-01-02T08:25,412,0.08,61.3
0,2018-01-02T08:30,281,0.0385,68.9
1,2018-01-02T08:30,356,0.1057,61.9
2,2018-01-02T08:30,412,0.0821,61.2
0,2018-01-02T08:35,258,0.034,69.5
1,2018-01-02T08:35,331,0.1017,61.2
2,2018-01-02T08:35,230,0.0442,62
0,2018-01-02T08:40,347,0.0472,69
1,2018-01-02T08:40,357,0.1064,61.5
2,2018-01-02T08:40,400,0.0752,62.6
0,2018-01-02T08:45,342,0.0455,69.3
1,2018-01-02T08:45,365,0.109,61.8
2,2018-01-02T08:45,334,0.065,62.2
0,2018-01-02T08:50,321,0.0422,69.9
1,2018-01-02T08:50,391,0.1199,61.4
2,2018-01-02T08:50,279,0.0564,60.8
0,2018-01-02T08:55,302,0.0409,69.4
1,2018-01-02T08:55,333,0.097,62.3
2,2018-01-02T08:55,302,0.0596,61.3
0,2018-01-02T09:00,258,0.035,69.3
1,2018-01-02T09:00,372,0.1173,60.6
2,2018-01-02T09:00,301,0.0611,60.7
0,2018-01-02T09:05,291,0.0395,68.8
1,2018-01-02T09:05,331,0.1006,60.8
2,2018-01-02T09:05,302,0.0602,60.5
0,2018-01-02T09:10,323,0.0428,69.2
1,2018-01-02T09:10,339,0.1001,61.7
2,2018-01-02T09:10,324,0.0665,60.6
0,2018-01-02T09:15,338,0.0465,68.7
1,2018-01-02T09:15,386,0.1118,62.7
2,2018-01-02T09:15,357,0.0725,60.1
0,2018-01-02T09:20,328,0.0436,68.8
1,2018-01-02T09:20,346,0.1042,62
2,2018-01-02T09:20,411,0.0784,61.3
0,2018-01-02T09:25,255,0.0335,69.2
1,2018-01-02T09:25,333,0.0942,63.4
2,2018-01-02T09:25,357,0.0698,61.7
0,2018-01-02T09:30,306,0.0413,69
1,2018-01-02T09:30,297,0.0925,61.6
2,2018-01-02T09:30,286,0.0582,60.8
0,2018-01-02T09:35,351,0.0474,69.1
1,2018-01-02T09:35,312,0.0975,60.5
2,2018-01-02T09:35,364,0.072,61.4
0,2018-01-02T09:40,283,0.0374,69.5
1,2018-01-02T09:40,237,0.0666,62.7
2,2018-01-02T09:40,273,0.0557,60.5
0,2018-01-02T09:45,345,0.0463,69.1
1,2018-01-02T09:45,367,0.1162,61
2,2018-01-02T09:45,357,0.0711,60.4
0,2018-01-02T09:50,318,0.0425,69.5
1,2018-01-02T09:50,260,0.0745,62.7
2,2018-01-02T09:50,338,0.0648,61.3
0,2018-01-02T09:55,366,0.0481,69.7
1,2018-01-02T09:55,385,0.1201,61.1
2,2018-01-02T09:55,350,0.072,60.6
0,2018-01-02T10:00,324,0.0426,69.7
1,2018-01-02T10:00,314,0.0914,62.3
2,2018-01-02T10:00,451,0.0893,61.5
0,2018-01-02T10:05,310,0.0398,70.2
1,2018-01-02T10:05,308,0.0883,63.2
2,2018-01-02T10:05,344,0.0677,62.2
0,2018-01-02T10:10,335,0.0445,69.6
1,2018-01-02T10:10,331,0.0915,64.8
2,2018-01-02T10:10,327,0.0631,62.9
0,2018-01-02T10:15,351,0.0479,68.8
1,2018-01-02T10:15,298,0.085,64.4
2,2018-01-02T10:15,418,0.0878,60.7
0,2018-01-02T10:20,279,0.0376,68.4
1,2018-01-02T10:20,280,0.0778,65.7
2,2018-01-02T10:20,394,0.077,61.5
0,2018-01-02T10:25,350,0.047,68.7
1,2018-01-02T10:25,300,0.0794,67.4
2,2018-01-02T10:25,334,0.0653,61.5
0,2018-01-02T10:30,347,0.046,69.2
1,2018-01-02T10:30,256,0.0733,65.7
2,2018-01-02T10:30,310,0.0583,62.8
0,2018-01-02T10:35,348,0.0453,69.6
1,2018-01-02T10:35,270,0.0757,65.2
2,2018-01-02T10:35,277,0.052,63.4
0,2018-01-02T10:40,350,0.0459,69.9
1,2018-01-02T10:40,274,0.0814,64.1
2,2018-01-02T10:40,286,0.0561,63.6
0,2018-01-02T10:45,337,0.0447,69.2
1,2018-01-02T10:45,269,0.082,61.6
2,2018-01-02T10:45,497,0.0956,62.9
0,2018-01-02T10:50,332,0.0427,70.6
1,2018-01-02T10:50,253,0.0701,63.7
2,2018-01-02T10:50,417,0.0871,61
0,2018-01-02T10:55,296,0.0402,69.2
1,2018-01-02T10:55,243,0.0756,61.3
2,2018-01-02T10:55,428,0.0838,61.5
0,2018-01-02T11:00,323,0.0415,69.5
1,2018-01-02T11:00,255,0.076,61.6
2,2018-01-02T11:00,347,0.0669,62.4
0,2018-01-02T11:05,305,0.0401,69.7
1,2018-01-02T11:05,249,0.0724,62.4
2,2018-01-02T11:05,243,0.0486,62
0,2018-01-02T11:10,286,0.0381,68.8
1,2018-01-02T11:10,262,0.0744,64.1
2,2018-01-02T11:10,408,0.0735,64.4
0,2018-01-02T11:15,320,0.0417,69
1,2018-01-02T11:15,253,0.0735,63.7
2,2018-01-02T11:15,374,0.0747,63.2
0,2018-01-02T11:20,321,0.0424,68.6
1,2018-01-02T11:20,271,0.0771,64.2
2,2018-01-02T11:20,271,0.0494,64.5
0,2018-01-02T11:25,284,0.0383,68.3
1,2018-01-02T11:25,194,0.0569,63.2
2,2018-01-02T11:25,277,0.0489,65.8
0,2018-01-02T11:30,280,0.0374,67.9
1,2018-01-02T11:30,245,0.0698,63.4
2,2018-01-02T11:30,359,0.0694,64.7
0,2018-01-02T11:35,312,0.0433,67.9
1,2018-01-02T11:35,255,0.0726,63.5
2,2018-01-02T11:35,263,0.0513,63
0,2018-01-02T11:40,355,0.0496,66.7
1,2018-01-02T11:40,197,0.0556,64.3
2,2018-01-02T11:40,336,0.0634,63.8
0,2018-01-02T11:45,331,0.0474,66.2
1,2018-01-02T11:45,232,0.065,64.6
2,2018-01-02T11:45,254,0.0452,65.7
0,2018-01-02T11:50,162,0.0251,65.1
1,2018-01-02T11:50,227,0.0625,65.4
2,2018-01-02T11:50,321,0.0646,62.8
0,2018-01-02T11:55,485,0.1105,54.8
1,2018-01-02T11:55,239,0.0621,67.4
2,2018-01-02T11:55,455,0.0884,62.5
0,2018-01-02T12:00,318,0.0444,60.3
1,2018-01-02T12:00,217,0.0645,64.7
2,2018-01-02T12:00,351,0.0639,64.3
0,2018-01-02T12:05,276,0.0392,63.1
1,2018-01-02T12:05,189,0.0515,65.9
2,2018-01-02T12:05,206,0.039,64.5
0,2018-01-02T12:10,289,0.0417,63.8
1,2018-01-02T12:10,173,0.054,62.9
2,2018-01-02T12:10,393,0.0741,64.1
0,2018-01-02T12:15,329,0.046,64.2
1,2018-01-02T12:15,206,0.0558,65.1
2,2018-01-02T12:15,353,0.0652,65
0,2018-01-02T12:20,275,0.0379,65.1
1,2018-01-02T12:20,200,0.0583,64.3
2,2018-01-02T12:20,425,0.0798,65
0,2018-01-02T12:25,348,0.0475,66.8
1,2018-01-02T12:25,194,0.0654,61.1
2,2018-01-02T12:25,285,0.0537,64.2
0,2018-01-02T12:30,341,0.0471,66.7
1,2018-01-02T12:30,236,0.0633,64.9
2,2018-01-02T12:30,300,0.0603,62.7
0,2018-01-02T12:35,289,0.0376,68.1
1,2018-01-02T12:35,218,0.0577,66.6
2,2018-01-02T12:35,299,0.0598,61.7
0,2018-01-02T12:40,291,0.0398,67.6
1,2018-01-02T12:40,219,0.0631,64.9
2,2018-01-02T12:40,354,0.0644,63.9
0,2018-01-02T12:45,355,0.0481,67.7
1,2018-01-02T12:45,216,0.0583,66.8
2,2018-01-02T12:45,311,0.0573,64.5
0,2018-01-02T12:50,292,0.0402,67.6
1,2018-01-02T12:50,224,0.064,65.6
2,2018-01-02T12:50,330,0.0621,64.7
0,2018-01-02T12:55,292,0.0394,67.7
1,2018-01-02T12:55,223,0.0594,66.7
2,2018-01-02T12:55,381,0.0728,64.4
0,2018-01-02T13:00,319,0.043,67.1
1,2018-01-02T13:00,188,0.0549,64.7
2,2018-01-02T13:00,312,0.0563,65.2
0,2018-01-02T13:05,259,0.035,67.5
1,2018-01-02T13:05,199,0.0551,65.2
2,2018-01-02T13:05,317,0.0588,65
0,2018-01-02T13:10,323,0.0457,66.7
1,2018-01-02T13:10,233,0.0657,64.7
2,2018-01-02T13:10,267,0.0486,65.3
0,2018-01-02T13:15,300,0.0409,66.7
1,2018-01-02T13:15,175,0.0477,66.1
2,2018-01-02T13:15,306,0.0597,64.8
0,2018-01-02T13:20,331,0.0448,66.5
1,2018-01-02T13:20,226,0.0619,66.1
2,2018-01-02T13:20,259,0.047,65.1
0,2018-01-02T13:25,354,0.0488,66.4
1,2018-01-02T13:25,225,0.0632,65.8
2,2018-01-02T13:25,461,0.0862,64.9
0,2018-01-02T13:30,290,0.0396,67.4
1,2018-01-02T13:30,209,0.0613,63.9
2,2018-01-02T13:30,337,0.062,64.9
0,2018-01-02T13:35,387,0.0527,67.2
1,2018-01-02T13:35,202,0.0528,66.5
2,2018-01-02T13:35,342,0.0646,64.4
0,2018-01-02T13:40,336,0.0468,67
1,2018-01-02T13:40,224,0.0563,69.5
2,2018-01-02T13:40,412,0.0746,65.1
0,2018-01-02T13:45,265,0.0358,67.2
1,2018-01-02T13:45,224,0.0558,70.6
2,2018-01-02T13:45,384,0.0731,64.6
0,2018-01-02T13:50,267,0.0364,67.6
1,2018-01-02T13:50,239,0.0681,67.8
2,2018-01-02T13:50,336,0.0638,64.1
0,2018-01-02T13:55,280,0.0367,67.7
1,2018-01-02T13:55,263,0.0712,67.7
2,2018-01-02T13:55,397,0.0716,64.9
0,2018-01-02T14:00,339,0.0474,67
1,2018-01-02T14:00,209,0.0566,67.9
2,2018-01-02T14:00,369,0.0691,65
0,2018-01-02T14:05,355,0.0493,66.6
1,2018-01-02T14:05,180,0.0512,65.3
2,2018-01-02T14:05,319,0.0584,65.3
0,2018-01-02T14:10,317,0.0437,66.1
1,2018-01-02T14:10,196,0.0531,66.3
2,2018-01-02T14:10,361,0.0675,64.9
0,2018-01-02T14:15,344,0.0467,66.8
1,2018-01-02T14:15,199,0.0534,66.6
2,2018-01-02T14:15,323,0.0591,65
0,2018-01-02T14:20,334,0.045,67.8
1,2018-01-02T14:20,220,0.0608,66.4
2,2018-01-02T14:20,301,0.0555,64.9
0,2018-01-02T14:25,343,0.0459,67.7
1,2018-01-02T14:25,256,0.0652,68.9
2,2018-01-02T14:25,386,0.0698,65.3
0,2018-01-02T14:30,335,0.0443,68
1,2018-01-02T14:30,229,0.0646,66.6
2,2018-01-02T14:30,200,0.0411,62.9
0,2018-01-02T14:35,425,0.0576,67.7
1,2018-01-02T14:35,233,0.0617,67.4
2,2018-01-02T14:35,304,0.0531,65.6
0,2018-01-02T14:40,398,0.0546,67
1,2018-01-02T14:40,198,0.0546,66.6
2,2018-01-02T14:40,203,0.0357,66.5
0,2018-01-02T14:45,337,0.0446,67.9
1,2018-01-02T14:45,242,0.0681,65.7
2,2018-01-02T14:45,366,0.0665,66
0,2018-01-02T14:50,355,0.0479,67.6
1,2018-01-02T14:50,230,0.0609,67.2
2,2018-01-02T14:50,270,0.046,68
0,2018-01-02T14:55,362,0.0495,67.4
1,2018-01-02T14:55,182,0.0502,66.5
2,2018-01-02T14:55,350,0.0632,66.9
0,2018-01-02T15:00,250,0.0336,67.5
1,2018-01-02T15:00,199,0.0563,65.1
2,2018-01-02T15:00,268,0.0496,65.9
0,2018-01-02T15:05,312,0.0422,67.8
1,2018-01-02T15:05,208,0.0572,65.9
2,2018-01-02T15:05,240,0.0444,65.4
0,2018-01-02T15:10,305,0.0415,67.6
1,2018-01-02T15:10,203,0.0499,69.4
2,2018-01-02T15:10,397,0.0708,66.3
0,2018-01-02T15:15,368,0.0499,67.6
1,2018-01-02T15:15,224,0.0579,70
2,2018-01-02T15:15,303,0.0546,66.3
0,2018-01-02T15:20,296,0.0393,68.2
1,2018-01-02T15:20,257,0.0671,69.6
2,2018-01-02T15:20,405,0.0757,65.1
0,2018-01-02T15:25,376,0.0516,67.6
1,2018-01-02T15:25,215,0.0588,68.5
2,2018-01-02T15:25,413,0.0742,65.7
0,2018-01-02T15:30,411,0.0551,68.3
1,2018-01-02T15:30,216,0.0615,66.2
2,2018-01-02T15:30,318,0.058,65.8
0,2018-01-02T15:35,371,0.0525,66.7
1,2018-01-02T15:35,218,0.0601,65.8
2,2018-01-02T15:35,328,0.0587,66.4
0,2018-01-02T15:40,390,0.0524,67.4
1,2018-01-02T15:40,242,0.0641,67.3
2,2018-01-02T15:40,250,0.0424,68.1
0,2018-01-02T15:45,396,0.0525,68.4
1,2018-01-02T15:45,240,0.0642,67.6
2,2018-01-02T15:45,362,0.0668,66.6
0,2018-01-02T15:50,388,0.052,68.4
1,2018-01-02T15:50,217,0.0545,69.8
2,2018-01-02T15:50,396,0.0755,64.9
0,2018-01-02T15:55,213,0.0285,68.3
1,2018-01-02T15:55,259,0.0758,67
2,2018-01-02T15:55,301,0.0577,64.2
0,2018-01-02T16:00,331,0.0463,67.1
1,2018-01-02T16:00,231,0.0587,68.6
2,2018-01-02T16:00,305,0.0542,65.6
0,2018-01-02T16:05,323,0.0448,66.6
1,2018-01-02T16:05,228,0.0603,68.2
2,2018-01-02T16:05,275,0.0517,65
0,2018-01-02T16:10,471,0.0664,65.9
1,2018-01-02T16:10,217,0.0561,68.8
2,2018-01-02T16:10,248,0.0454,65.4
0,2018-01-02T16:15,336,0.0462,66.9
1,2018-01-02T16:15,195,0.0537,67.4
2,2018-01-02T16:15,366,0.064,66.8
0,2018-01-02T16:20,358,0.0486,67.2
1,2018-01-02T16:20,251,0.0683,67
2,2018-01-02T16:20,285,0.0505,67.3
0,2018-01-02T16:25,354,0.0489,67.1
1,2018-01-02T16:25,238,0.0614,68.5
2,2018-01-02T16:25,248,0.044,67.6
0,2018-01-02T16:30,350,0.0457,68.4
1,2018-01-02T16:30,257,0.0692,67.3
2,2018-01-02T16:30,329,0.0572,68.6
0,2018-01-02T16:35,407,0.0571,67.3
1,2018-01-02T16:35,270,0.0748,66.4
2,2018-01-02T16:35,292,0.0523,67.9
0,2018-01-02T16:40,386,0.0546,66.7
1,2018-01-02T16:40,221,0.056,68.4
2,2018-01-02T16:40,254,0.0466,66.9
0,2018-01-02T16:45,397,0.0554,66.6
1,2018-01-02T16:45,216,0.0586,67.9
2,2018-01-02T16:45,330,0.0556,69
0,2018-01-02T16:50,349,0.0472,67.4
1,2018-01-02T16:50,278,0.0739,67.7
2,2018-01-02T16:50,294,0.0534,67.3
0,2018-01-02T16:55,368,0.048,68.5
1,2018-01-02T16:55,203,0.0532,68.1
2,2018-01-02T16:55,336,0.058,68.2
0,2018-01-02T17:00,369,0.0509,67.8
1,2018-01-02T17:00,247,0.0664,68.4
2,2018-01-02T17:00,251,0.0423,69.7
0,2018-01-02T17:05,331,0.0436,68.5
1,2018-01-02T17:05,209,0.0559,68.6
2,2018-01-02T17:05,322,0.0582,68.2
0,2018-01-02T17:10,453,0.0621,67.9
1,2018-01-02T17:10,262,0.069,68.9
2,2018-01-02T17:10,364,0.0676,66.8
0,2018-01-02T17:15,382,0.055,66.4
1,2018-01-02T17:15,262,0.0749,66.5
2,2018-01-02T17:15,242,0.0421,67.4
0,2018-01-02T17:20,433,0.0644,64.7
1,2018-01-02T17:20,296,0.0875,64.7
2,2018-01-02T17:20,357,0.0663,66.3
0,2018-01-02T17:25,383,0.0541,65.4
1,2018-01-02T17:25,275,0.0815,63.5
2,2018-01-02T17:25,303,0.0545,66.5
0,2018-01-02T17:30,306,0.0421,66
1,2018-01-02T17:30,234,0.0667,63.8
2,2018-01-02T17:30,255,0.0471,65.6
0,2018-01-02T17:35,353,0.0495,65.6
1,2018-01-02T17:35,246,0.0694,64.2
2,2018-01-02T17:35,212,0.041,64.2
0,2018-01-02T17:40,439,0.0623,65.8
1,2018-01-02T17:40,238,0.0673,64.3
2,2018-01-02T17:40,203,0.0357,66.2
0,2018-01-02T17:45,378,0.0527,65.9
1,2018-01-02T17:45,228,0.0617,66
2,2018-01-02T17:45,209,0.0376,66.8
0,2018-01-02T17:50,350,0.0483,66.4
1,2018-01-02T17:50,248,0.0721,64.8
2,2018-01-02T17:50,281,0.0522,66
0,2018-01-02T17:55,313,0.0447,65.7
1,2018-01-02T17:55,260,0.07,66.3
2,2018-01-02T17:55,264,0.0477,66
0,2018-01-02T18:00,337,0.0471,66.4
1,2018-01-02T18:00,238,0.0659,66.4
2,2018-01-02T18:00,278,0.0513,66.1
0,2018-01-02T18:05,336,0.0478,66.3
1,2018-01-02T18:05,264,0.071,66.6
2,2018-01-02T18:05,237,0.0435,66.3
0,2018-01-02T18:10,309,0.0434,66.5
1,2018-01-02T18:10,271,0.0744,66.8
2,2018-01-02T18:10,141,0.0252,67
0,2018-01-02T18:15,317,0.0443,67
1,2018-01-02T18:15,279,0.0743,67.4
2,2018-01-02T18:15,264,0.046,68.5
0,2018-01-02T18:20,334,0.0482,66.6
1,2018-01-02T18:20,195,0.052,68.1
2,2018-01-02T18:20,204,0.0379,66.9
0,2018-01-02T18:25,329,0.0464,66
1,2018-01-02T18:25,251,0.0711,66.2
2,2018-01-02T18:25,286,0.0511,67.6
0,2018-01-02T18:30,262,0.0349,68
1,2018-01-02T18:30,266,0.0737,66.2
2,2018-01-02T18:30,231,0.0429,66.7
0,2018-01-02T18:35,294,0.0396,68.3
1,2018-01-02T18:35,207,0.0576,65.8
2,2018-01-02T18:35,245,0.0433,67.4
0,2018-01-02T18:40,327,0.0448,68.5
1,2018-01-02T18:40,232,0.0575,69.4
2,2018-01-02T18:40,215,0.0389,67.3
0,2018-01-02T18:45,291,0.0403,68.1
1,2018-01-02T18:45,229,0.0609,69.2
2,2018-01-02T18:45,254,0.045,68.1
0,2018-01-02T18:50,292,0.0397,67.9
1,2018-01-02T18:50,210,0.0559,68.9
2,2018-01-02T18:50,211,0.0373,68.3
0,2018-01-02T18:55,279,0.0367,68.8
1,2018-01-02T18:55,174,0.0458,68.9
2,2018-01-02T18:55,259,0.0462,68.3
0,2018-01-02T19:00,313,0.0412,69.1
1,2018-01-02T19:00,181,0.0455,70.2
2,2018-01-02T19:00,235,0.0443,67.2
0,2018-01-02T19:05,293,0.0397,68.5
1,2018-01-02T19:05,158,0.0428,68.5
2,2018-01-02T19:05,184,0.0329,67.7
0,2018-01-02T19:10,257,0.0352,68
1,2018-01-02T19:10,202,0.0588,65.3
2,2018-01-02T19:10,215,0.0398,67.2
0,2018-01-02T19:15,233,0.0312,68.9
1,2018-01-02T19:15,181,0.0451,68.7
2,2018-01-02T19:15,274,0.0481,68.4
0,2018-01-02T19:20,221,0.0292,68.9
1,2018-01-02T19:20,202,0.053,68.6
2,2018-01-02T19:20,123,0.021,69.2
0,2018-01-02T19:25,218,0.0284,69.5
1,2018-01-02T19:25,146,0.0405,66.9
2,2018-01-02T19:25,216,0.038,69.3
0,2018-01-02T19:30,217,0.0294,69.1
1,2018-01-02T19:30,158,0.0424,67.4
2,2018-01-02T19:30,267,0.0459,69.9
0,2018-01-02T19:35,272,0.0357,69.4
1,2018-01-02T19:35,160,0.0445,66
2,2018-01-02T19:35,190,0.0367,67.2
0,2018-01-02T19:40,237,0.0313,69.2
1,2018-01-02T19:40,158,0.0417,66.8
2,2018-01-02T19:40,122,0.0206,68.5
0,2018-01-02T19:45,221,0.03,68.2
1,2018-01-02T19:45,126,0.0294,70.9
2,2018-01-02T19:45,197,0.0351,68.7
0,2018-01-02T19:50,235,0.0309,68.3
1,2018-01-02T19:50,138,0.0343,71.4
2,2018-01-02T19:50,138,0.0232,69.7
0,2018-01-02T19:55,232,0.0315,68.6
1,2018-01-02T19:55,133,0.035,69.5
2,2018-01-02T19:55,202,0.0341,70.5
0,2018-01-02T20:00,194,0.0248,69.3
1,2018-01-02T20:00,128,0.0335,69
2,2018-01-02T20:00,148,0.0263,69.4
0,2018-01-02T20:05,221,0.0296,68.4
1,2018-01-02T20:05,109,0.0307,66.8
2,2018-01-02T20:05,219,0.0363,70.6
0,2018-01-02T20:10,233,0.0311,68.2
1,2018-01-02T20:10,160,0.0379,70.9
2,2018-01-02T20:10,130,0.0229,69.8
0,2018-01-02T20:15,205,0.0275,68.1
1,2018-01-02T20:15,170,0.0417,71.4
2,2018-01-02T20:15,212,0.0371,69.3
0,2018-01-02T20:20,170,0.0216,68.5
1,2018-01-02T20:20,166,0.0403,72.8
2,2018-01-02T20:20,177,0.0304,70
0,2018-01-02T20:25,233,0.0304,68.8
1,2018-01-02T20:25,98,0.027,68.3
2,2018-01-02T20:25,177,0.0298,70.1
0,2018-01-02T20:30,201,0.0267,69
1,2018-01-02T20:30,135,0.0352,69.1
2,2018-01-02T20:30,211,0.0356,70.3
0,2018-01-02T20:35,190,0.0245,68.9
1,2018-01-02T20:35,148,0.0357,73.1
2,2018-01-02T20:35,182,0.0303,70.5
0,2018-01-02T20:40,214,0.0286,68.8
1,2018-01-02T20:40,124,0.0328,70.9
2,2018-01-02T20:40,210,0.0347,71.2
0,2018-01-02T20:45,193,0.0256,68.3
1,2018-01-02T20:45,129,0.0348,68.4
2,2018-01-02T20:45,196,0.0314,72.2
0,2018-01-02T20:50,196,0.0252,68.5
1,2018-01-02T20:50,134,0.0324,71.2
2,2018-01-02T20:50,153,0.026,70.9
0,2018-01-02T20:55,180,0.0234,69.2
1,2018-01-02T20:55,128,0.0341,69.4
2,2018-01-02T20:55,163,0.0273,70.7
0,2018-01-02T21:00,186,0.0243,68.6
1,2018-01-02T21:00,132,0.0364,67
2,2018-01-02T21:00,223,0.0386,69.5
0,2018-01-02T21:05,195,0.0246,69.4
1,2018-01-02T21:05,107,0.0301,65.4
2,2018-01-02T21:05,158,0.0275,69.3
0,2018-01-02T21:10,187,0.0254,68
1,2018-01-02T21:10,154,0.0449,62.6
2,2018-01-02T21:10,205,0.0334,70.1
0,2018-01-02T21:15,174,0.0233,68.2
1,2018-01-02T21:15,125,0.0361,62.2
2,2018-01-02T21:15,201,0.0338,69.7
0,2018-01-02T21:20,165,0.0212,68.5
1,2018-01-02T21:20,106,0.0283,63.8
2,2018-01-02T21:20,156,0.0267,69.4
0,2018-01-02T21:25,152,0.0201,68.4
1,2018-01-02T21:25,99,0.0273,64
2,2018-01-02T21:25,137,0.0234,69.2
0,2018-01-02T21:30,169,0.0215,68.9
1,2018-01-02T21:30,138,0.0372,64.6
2,2018-01-02T21:30,165,0.028,69.6
0,2018-01-02T21:35,189,0.0245,68.9
1,2018-01-02T21:35,118,0.0338,63.8
2,2018-01-02T21:35,241,0.044,67.3
0,2018-01-02T21:40,150,0.0194,69.5
1,2018-01-02T21:40,110,0.0306,64.6
2,2018-01-02T21:40,156,0.0276,67.7
0,2018-01-02T21:45,187,0.0243,68.7
1,2018-01-02T21:45,89,0.0204,69.1
2,2018-01-02T21:45,222,0.0366,69.2
0,2018-01-02T21:50,169,0.0215,68
1,2018-01-02T21:50,108,0.0281,66.5
2,2018-01-02T21:50,204,0.0358,68.6
0,2018-01-02T21:55,173,0.0221,68.7
1,2018-01-02T21:55,141,0.0368,66.6
2,2018-01-02T21:55,166,0.0303,67.2
0,2018-01-02T22:00,117,0.0156,68.2
1,2018-01-02T22:00,102,0.0276,66.4
2,2018-01-02T22:00,153,0.0266,67.5
0,2018-01-02T22:05,167,0.0221,68.6
1,2018-01-02T22:05,93,0.0265,65.1
2,2018-01-02T22:05,104,0.0183,68.3
0,2018-01-02T22:10,140,0.0185,67.8
1,2018-01-02T22:10,97,0.0262,64.9
2,2018-01-02T22:10,136,0.0221,69.5
0,2018-01-02T22:15,156,0.0199,69.1
1,2018-01-02T22:15,71,0.0178,65.9
2,2018-01-02T22:15,117,0.0213,68.8
0,2018-01-02T22:20,158,0.0204,69.1
1,2018-01-02T22:20,105,0.027,66.7
2,2018-01-02T22:20,128,0.0207,69.2
0,2018-01-02T22:25,162,0.0207,68.1
1,2018-01-02T22:25,78,0.0207,67.5
2,2018-01-02T22:25,174,0.0281,70.6
0,2018-01-02T22:30,160,0.0209,68.7
1,2018-01-02T22:30,112,0.0269,69.7
2,2018-01-02T22:30,166,0.0297,68.6
0,2018-01-02T22:35,148,0.019,68.9
1,2018-01-02T22:35,109,0.0316,65.8
2,2018-01-02T22:35,168,0.0278,69.4
0,2018-01-02T22:40,139,0.0176,68.6
1,2018-01-02T22:40,110,0.0271,67.1
2,2018-01-02T22:40,168,0.0281,69.3
0,2018-01-02T22:45,119,0.0149,69
1,2018-01-02T22:45,128,0.0277,71.8
2,2018-01-02T22:45,121,0.0213,68.9
0,2018-01-02T22:50,142,0.0183,69
1,2018-01-02T22:50,92,0.0198,73.8
2,2018-01-02T22:50,140,0.0253,67.5
0,2018-01-02T22:55,121,0.0157,68.7
1,2018-01-02T22:55,66,0.0156,71.4
2,2018-01-02T22:55,105,0.0183,68.6
0,2018-01-02T23:00,98,0.0123,68.2
1,2018-01-02T23:00,61,0.0154,69.7
2,2018-01-02T23:00,108,0.0206,67.7
0,2018-01-02T23:05,102,0.0132,68.3
1,2018-01-02T23:05,77,0.0184,69.1
2,2018-01-02T23:05,131,0.0207,69.4
0,2018-01-02T23:10,98,0.0131,68.2
1,2018-01-02T23:10,68,0.0176,68.3
2,2018-01-02T23:10,111,0.0218,67.8
0,2018-01-02T23:15,92,0.0126,68.5
1,2018-01-02T23:15,73,0.017,69.1
2,2018-01-02T23:15,109,0.0206,67.6
0,2018-01-02T23:20,87,0.0111,67.5
1,2018-01-02T23:20,65,0.017,67.8
2,2018-01-02T23:20,114,0.0223,66.1
0,2018-01-02T23:25,85,0.011,68.3
1,2018-01-02T23:25,62,0.0165,67.5
2,2018-01-02T23:25,124,0.0216,68.1
0,2018-01-02T23:30,81,0.011,67.7
1,2018-01-02T23:30,61,0.0131,68.7
2,2018-01-02T23:30,81,0.0149,67.6
0,2018-01-02T23:35,106,0.0138,68.4
1,2018-01-02T23:35,50,0.0134,67.1
2,2018-01-02T23:35,91,0.0154,68.8
0,2018-01-02T23:40,86,0.0105,68
1,2018-01-02T23:40,70,0.0145,69.3
2,2018-01-02T23:40,71,0.0112,69.7
0,2018-01-02T23:45,96,0.0119,68.1
1,2018-01-02T23:45,42,0.0118,67.1
2,2018-01-02T23:45,83,0.0136,69.5
0,2018-01-02T23:50,65,0.0084,68.4
1,2018-01-02T23:50,74,0.0186,68.4
2,2018-01-02T23:50,82,0.0146,68.7
0,2018-01-02T23:55,69,0.0084,68
1,2018-01-02T23:55,53,0.0121,69
2,2018-01-02T23:55,91,0.0174,67.5
0,2018-01-03T00:00,74,0.01,67.4
1,2018-01-03T00:00,31,0.0081,68
2,2018-01-03T00:00,70,0.0136,69
0,2018-01-03T00:05,61,0.0076,68
1,2018-01-03T00:05,73,0.0191,67.3
2,2018-01-03T00:05,61,0.0123,68.8
0,2018-01-03T00:10,56,0.0071,67.9
1,2018-01-03T00:10,66,0.0132,70.3
2,2018-01-03T00:10,71,0.0154,67.7
0,2018-01-03T00:15,57,0.0075,68.5
1,2018-01-03T00:15,59,0.0125,70.7
2,2018-01-03T00:15,69,0.0128,68.6
0,2018-01-03T00:20,48,0.0059,68.7
1,2018-01-03T00:20,26,0.0069,68.7
2,2018-01-03T00:20,75,0.0141,67.7
0,2018-01-03T00:25,66,0.008,68.5
1,2018-01-03T00:25,46,0.0115,68
2,2018-01-03T00:25,72,0.0141,68
0,2018-01-03T00:30,58,0.0073,69.6
1,2018-01-03T00:30,77,0.0133,73.1
2,2018-01-03T00:30,69,0.0133,68.4
0,2018-01-03T00:35,40,0.0052,67.6
1,2018-01-03T00:35,51,0.0112,71.9
2,2018-01-03T00:35,63,0.0137,67.5
0,2018-01-03T00:40,52,0.007,67.9
1,2018-01-03T00:40,43,0.01,69.6
2,2018-01-03T00:40,60,0.0107,68.8
0,2018-01-03T00:45,55,0.0071,67.4
1,2018-01-03T00:45,50,0.0103,69.2
2,2018-01-03T00:45,69,0.014,68.7
0,2018-01-03T00:50,52,0.0064,66.6
1,2018-01-03T00:50,30,0.0085,67.6
2,2018-01-03T00:50,72,0.0157,67.7
0,2018-01-03T00:55,43,0.0055,69.1
1,2018-01-03T00:55,55,0.0126,70.1
2,2018-01-03T00:55,51,0.0097,67.4
0,2018-01-03T01:00,51,0.0064,69
1,2018-01-03T01:00,47,0.0114,68.7
2,2018-01-03T01:00,65,0.0138,67.7
0,2018-01-03T01:05,54,0.0065,67.2
1,2018-01-03T01:05,70,0.0153,65.7
2,2018-01-03T01:05,63,0.0125,68.5
0,2018-01-03T01:10,51,0.0066,66.4
1,2018-01-03T01:10,33,0.0066,67.8
2,2018-01-03T01:10,52,0.0117,67.9
0,2018-01-03T01:15,36,0.0044,67.5
1,2018-01-03T01:15,30,0.0065,68.7
2,2018-01-03T01:15,55,0.012,66.7
0,2018-01-03T01:20,46,0.0057,67.9
1,2018-01-03T01:20,27,0.0076,66.4
2,2018-01-03T01:20,45,0.0099,66.6
0,2018-01-03T01:25,44,0.0059,68.7
1,2018-01-03T01:25,42,0.0082,69.4
2,2018-01-03T01:25,62,0.0151,66.2
0,2018-01-03T01:30,50,0.0063,67.1
1,2018-01-03T01:30,35,0.0077,68.2
2,2018-01-03T01:30,50,0.0123,66.2
0,2018-01-03T01:35,26,0.0034,68
1,2018-01-03T01:35,52,0.0104,69.7
2,2018-01-03T01:35,61,0.0106,67.8
0,2018-01-03T01:40,44,0.0053,66.7
1,2018-01-03T01:40,37,0.0086,68.1
2,2018-01-03T01:40,56,0.0126,67.6
0,2018-01-03T01:45,32,0.0043,68
1,2018-01-03T01:45,49,0.01,69.3
2,2018-01-03T01:45,55,0.0109,68.1
0,2018-01-03T01:50,24,0.0031,68.9
1,2018-01-03T01:50,56,0.0114,70.1
2,2018-01-03T01:50,51,0.0126,65.9
0,2018-01-03T01:55,38,0.0045,67.4
1,2018-01-03T01:55,41,0.009,68.3
2,2018-01-03T01:55,70,0.0155,66.7
0,2018-01-03T02:00,33,0.0043,67.6
1,2018-01-03T02:00,44,0.0085,68.3
2,2018-01-03T02:00,48,0.0113,66.7
0,2018-01-03T02:05,25,0.003,69.2
1,2018-01-03T02:05,55,0.0115,68.3
2,2018-01-03T02:05,46,0.0084,67.6
0,2018-01-03T02:10,34,0.0042,67.9
1,2018-01-03T02:10,31,0.0081,67.2
2,2018-01-03T02:10,56,0.0143,65.6
0,2018-01-03T02:15,36,0.0042,67.9
1,2018-01-03T02:15,55,0.0107,68
2,2018-01-03T02:15,55,0.0111,67.3
0,2018-01-03T02:20,48,0.0056,67.4
1,2018-01-03T02:20,27,0.0063,67.2
2,2018-01-03T02:20,65,0.0141,67.8
0,2018-01-03T02:25,27,0.0037,68.3
1,2018-01-03T02:25,28,0.0097,66.1
2,2018-01-03T02:25,59,0.0144,66.2
0,2018-01-03T02:30,25,0.0027,69.2
1,2018-01-03T02:30,49,0.0098,68.9
2,2018-01-03T02:30,60,0.0129,67
0,2018-01-03T02:35,36,0.0046,67.3
1,2018-01-03T02:35,43,0.0094,69.4
2,2018-01-03T02:35,54,0.011,68.4
0,2018-01-03T02:40,43,0.005,67.6
1,2018-01-03T02:40,50,0.013,68.3
2,2018-01-03T02:40,61,0.0123,68.1
0,2018-01-03T02:45,47,0.0052,68
1,2018-01-03T02:45,26,0.009,66.5
2,2018-01-03T02:45,83,0.0174,68.4
0,2018-01-03T02:50,32,0.0034,67.7
1,2018-01-03T02:50,40,0.0097,66.4
2,2018-01-03T02:50,62,0.0154,67.3
0,2018-01-03T02:55,29,0.0037,68.7
1,2018-01-03T02:55,28,0.0059,68.1
2,2018-01-03T02:55,63,0.0129,68.1
0,2018-01-03T03:00,30,0.0038,69.1
1,2018-01-03T03:00,56,0.0124,69.9
2,2018-01-03T03:00,60,0.0125,67.3
0,2018-01-03T03:05,53,0.0072,67.4
1,2018-01-03T03:05,67,0.0168,70.2
2,2018-01-03T03:05,82,0.0176,66.5
0,2018-01-03T03:10,36,0.0041,67.4
1,2018-01-03T03:10,61,0.0132,71
2,2018-01-03T03:10,73,0.0135,67.9
0,2018-01-03T03:15,32,0.004,67.9
1,2018-01-03T03:15,36,0.0099,69.6
2,2018-01-03T03:15,103,0.0216,66.8
0,2018-01-03T03:20,55,0.0079,67.9
1,2018-01-03T03:20,65,0.016,70.3
2,2018-01-03T03:20,86,0.0175,66.7
0,2018-01-03T03:25,67,0.0083,67.2
1,2018-01-03T03:25,70,0.0221,65.8
2,2018-01-03T03:25,121,0.0239,67.1
0,2018-01-03T03:30,51,0.0063,69.6
1,2018-01-03T03:30,74,0.0223,64
2,2018-01-03T03:30,101,0.0202,67.8
0,2018-01-03T03:35,45,0.0057,69.1
1,2018-01-03T03:35,55,0.0161,65.3
2,2018-01-03T03:35,145,0.0276,66.6
0,2018-01-03T03:40,66,0.0083,70
1,2018-01-03T03:40,85,0.0247,65
2,2018-01-03T03:40,115,0.022,66.5
0,2018-01-03T03:45,59,0.0069,68.3
1,2018-01-03T03:45,87,0.0257,64.7
2,2018-01-03T03:45,132,0.0236,67.9
0,2018-01-03T03:50,66,0.0085,69
1,2018-01-03T03:50,77,0.0219,65.3
2,2018-01-03T03:50,156,0.0279,68.6
0,2018-01-03T03:55,64,0.0072,67.5
1,2018-01-03T03:55,84,0.0219,67.5
2,2018-01-03T03:55,166,0.0331,66.8
0,2018-01-03T04:00,79,0.0098,69.6
1,2018-01-03T04:00,104,0.0244,73
2,2018-01-03T04:00,141,0.0274,67.1
0,2018-01-03T04:05,77,0.0101,69.6
1,2018-01-03T04:05,131,0.0354,71.2
2,2018-01-03T04:05,195,0.0326,70.2
0,2018-01-03T04:10,102,0.0123,69.1
1,2018-01-03T04:10,105,0.0241,74.4
2,2018-01-03T04:10,236,0.0425,70.1
0,2018-01-03T04:15,93,0.0117,69.6
1,2018-01-03T04:15,95,0.0244,72.6
2,2018-01-03T04:15,251,0.042,70.9
0,2018-01-03T04:20,108,0.0133,70.2
1,2018-01-03T04:20,115,0.0361,67.2
2,2018-01-03T04:20,216,0.0377,71
0,2018-01-03T04:25,131,0.0167,70
1,2018-01-03T04:25,130,0.04,65.1
2,2018-01-03T04:25,226,0.0403,69.8
0,2018-01-03T04:30,148,0.0185,69.3
1,2018-01-03T04:30,188,0.0522,66.5
2,2018-01-03T04:30,214,0.0354,70.9
0,2018-01-03T04:35,135,0.0172,70.2
1,2018-01-03T04:35,186,0.0523,66.3
2,2018-01-03T04:35,302,0.0519,71
0,2018-01-03T04:40,187,0.0229,69.5
1,2018-01-03T04:40,162,0.048,65.6
2,2018-01-03T04:40,389,0.0688,69.8
0,2018-01-03T04:45,127,0.0165,69.7
1,2018-01-03T04:45,179,0.0498,66
2,2018-01-03T04:45,363,0.0616,70.5
0,2018-01-03T04:50,159,0.02,69.9
1,2018-01-03T04:50,154,0.0428,66.6
2,2018-01-03T04:50,444,0.077,69.9
0,2018-01-03T04:55,176,0.0215,68.9
1,2018-01-03T04:55,187,0.0545,65.7
2,2018-01-03T04:55,453,0.0759,70.7
0,2018-01-03T05:00,134,0.0172,69.9
1,2018-01-03T05:00,164,0.0485,68.4
2,2018-01-03T05:00,430,0.0788,72
0,2018-01-03T05:05,179,0.0249,68.2
1,2018-01-03T05:05,157,0.049,68.9
2,2018-01-03T05:05,543,0.1002,71.8
0,2018-01-03T05:10,195,0.0242,69.7
1,2018-01-03T05:10,284,0.08,72.2
2,2018-01-03T05:10,499,0.0908,72.5
0,2018-01-03T05:15,176,0.023,69.7
1,2018-01-03T05:15,251,0.0743,71.9
2,2018-01-03T05:15,585,0.1115,71.1
0,2018-01-03T05:20,233,0.0294,70.4
1,2018-01-03T05:20,271,0.0809,71.6
2,2018-01-03T05:20,516,0.0982,70.6
0,2018-01-03T05:25,198,0.0272,68.9
1,2018-01-03T05:25,388,0.1263,69.2
2,2018-01-03T05:25,627,0.1303,67.6
0,2018-01-03T05:30,256,0.034,68.4
1,2018-01-03T05:30,348,0.1074,69.3
2,2018-01-03T05:30,548,0.1044,68.7
0,2018-01-03T05:35,178,0.0227,69.7
1,2018-01-03T05:35,395,0.1181,70.2
2,2018-01-03T05:35,577,0.1235,65.5
0,2018-01-03T05:40,283,0.0367,69.3
1,2018-01-03T05:40,452,0.1637,64.4
2,2018-01-03T05:40,522,0.1029,66.6
0,2018-01-03T05:45,301,0.0391,69.2
1,2018-01-03T05:45,446,0.1461,64.7
2,2018-01-03T05:45,534,0.11,65.8
0,2018-01-03T05:50,299,0.0369,70.6
1,2018-01-03T05:50,395,0.1359,63.4
2,2018-01-03T05:50,578,0.1114,67.3
0,2018-01-03T05:55,247,0.0317,71.1
1,2018-01-03T05:55,453,0.1497,63.7
2,2018-01-03T05:55,477,0.0937,67.6
0,2018-01-03T06:00,211,0.028,69.8
1,2018-01-03T06:00,481,0.1541,60.1
2,2018-01-03T06:00,590,0.1218,62.4
0,2018-01-03T06:05,283,0.0368,70
1,2018-01-03T06:05,474,0.1636,56.2
2,2018-01-03T06:05,542,0.1013,62.8
0,2018-01-03T06:10,200,0.0263,69.7
1,2018-01-03T06:10,509,0.1758,54.2
2,2018-01-03T06:10,398,0.0849,59.4
0,2018-01-03T06:15,310,0.0403,70.1
1,2018-01-03T06:15,501,0.1876,51.5
2,2018-01-03T06:15,534,0.1016,60.6
0,2018-01-03T06:20,339,0.0439,70.4
1,2018-01-03T06:20,491,0.1942,50
2,2018-01-03T06:20,535,0.1129,58.8
0,2018-01-03T06:25,283,0.0364,70.7
1,2018-01-03T06:25,433,0.1503,51
2,2018-01-03T06:25,397,0.0883,56.4
0,2018-01-03T06:30,339,0.0447,70.1
1,2018-01-03T06:30,330,0.1275,49.6
2,2018-01-03T06:30,505,0.1101,55.2
0,2018-01-03T06:35,371,0.0487,70
1,2018-01-03T06:35,430,0.15,50.9
2,2018-01-03T06:35,492,0.1204,51.9
0,2018-01-03T06:40,354,0.0494,68.4
1,2018-01-03T06:40,429,0.1562,50.4
2,2018-01-03T06:40,490,0.1217,50.2
0,2018-01-03T06:45,396,0.0542,68.7
1,2018-01-03T06:45,486,0.1689,51.1
2,2018-01-03T06:45,574,0.1761,44.6
0,2018-01-03T06:50,454,0.0617,68.9
1,2018-01-03T06:50,464,0.1587,52
2,2018-01-03T06:50,457,0.0908,52.1
0,2018-01-03T06:55,371,0.0494,69.2
1,2018-01-03T06:55,493,0.1762,51.2
2,2018-01-03T06:55,422,0.0901,54
0,2018-01-03T07:00,376,0.0492,70.2
1,2018-01-03T07:00,459,0.1678,50.3
2,2018-01-03T07:00,342,0.0685,57.5
0,2018-01-03T07:05,386,0.0544,68.2
1,2018-01-03T07:05,456,0.1491,52.9
2,2018-01-03T07:05,403,0.0804,59.3
0,2018-01-03T07:10,531,0.077,67
1,2018-01-03T07:10,297,0.0925,55.5
2,2018-01-03T07:10,535,0.1147,58.2
0,2018-01-03T07:15,439,0.0627,66.6
1,2018-01-03T07:15,304,0.0974,55.9
2,2018-01-03T07:15,462,0.1025,56.6
0,2018-01-03T07:20,528,0.0758,66.1
1,2018-01-03T07:20,315,0.1128,53.7
2,2018-01-03T07:20,499,0.0971,59.6
0,2018-01-03T07:25,499,0.0684,67.3
1,2018-01-03T07:25,327,0.1004,56.2
2,2018-01-03T07:25,319,0.0646,59.6
0,2018-01-03T07:30,493,0.0666,68.3
1,2018-01-03T07:30,314,0.0953,58.1
2,2018-01-03T07:30,399,0.0839,59.3
0,2018-01-03T07:35,462,0.0642,67.9
1,2018-01-03T07:35,346,0.1078,58
2,2018-01-03T07:35,432,0.0838,60.7
0,2018-01-03T07:40,519,0.0726,67.3
1,2018-01-03T07:40,497,0.1709,55.4
2,2018-01-03T07:40,519,0.1065,59.9
0,2018-01-03T07:45,486,0.0662,67.8
1,2018-01-03T07:45,426,0.1442,54.5
2,2018-01-03T07:45,465,0.089,61.8
0,2018-01-03T07:50,510,0.0715,67.4
1,2018-01-03T07:50,401,0.1342,54.3
2,2018-01-03T07:50,471,0.1197,55.2
0,2018-01-03T07:55,468,0.066,67.1
1,2018-01-03T07:55,514,0.1694,54.8
2,2018-01-03T07:55,305,0.0847,50.4
0,2018-01-03T08:00,477,0.0665,67.2
1,2018-01-03T08:00,317,0.1017,55.8
2,2018-01-03T08:00,457,0.1053,51.7
0,2018-01-03T08:05,374,0.0511,67.8
1,2018-01-03T08:05,366,0.1111,58
2,2018-01-03T08:05,313,0.0616,57.2
0,2018-01-03T08:10,360,0.0505,67.7
1,2018-01-03T08:10,300,0.0889,59.8
2,2018-01-03T08:10,389,0.0713,61.7
0,2018-01-03T08:15,335,0.0453,68.2
1,2018-01-03T08:15,440,0.1477,57.4
2,2018-01-03T08:15,452,0.0849,63.3
0,2018-01-03T08:20,336,0.0462,68
1,2018-01-03T08:20,359,0.1147,57.1
2,2018-01-03T08:20,302,0.0566,63.9
0,2018-01-03T08:25,378,0.0563,66.5
1,2018-01-03T08:25,419,0.128,58.4
2,2018-01-03T08:25,465,0.0984,60.6
0,2018-01-03T08:30,427,0.0603,66.5
1,2018-01-03T08:30,376,0.1184,57.9
2,2018-01-03T08:30,410,0.0862,59.5
0,2018-01-03T08:35,383,0.052,67.3
1,2018-01-03T08:35,399,0.1289,56.8
2,2018-01-03T08:35,372,0.0751,59.7
0,2018-01-03T08:40,409,0.0783,62.5
1,2018-01-03T08:40,450,0.1339,58.8
2,2018-01-03T08:40,402,0.0792,60.7
0,2018-01-03T08:45,320,0.0427,65.9
1,2018-01-03T08:45,369,0.1191,57.7
2,2018-01-03T08:45,375,0.0744,61.1
0,2018-01-03T08:50,353,0.0462,68.3
1,2018-01-03T08:50,420,0.1337,57.4
2,2018-01-03T08:50,429,0.0892,60
0,2018-01-03T08:55,304,0.0406,68.7
1,2018-01-03T08:55,390,0.1205,58.3
2,2018-01-03T08:55,448,0.0904,60.8
0,2018-01-03T09:00,291,0.0382,69.2
1,2018-01-03T09:00,393,0.1127,60.7
2,2018-01-03T09:00,403,0.076,62.1
0,2018-01-03T09:05,372,0.0499,69.6
1,2018-01-03T09:05,342,0.103,60.5
2,2018-01-03T09:05,348,0.0739,59.8
0,2018-01-03T09:10,334,0.044,70
1,2018-01-03T09:10,385,0.12,60
2,2018-01-03T09:10,358,0.0693,61.8
0,2018-01-03T09:15,337,0.045,69.4
1,2018-01-03T09:15,398,0.1282,58
2,2018-01-03T09:15,421,0.0872,60.4
0,2018-01-03T09:20,379,0.0511,69.8
1,2018-01-03T09:20,404,0.1283,58.1
2,2018-01-03T09:20,317,0.0588,62.2
0,2018-01-03T09:25,337,0.045,69.4
1,2018-01-03T09:25,384,0.1225,57.2
2,2018-01-03T09:25,425,0.0868,61.1
0,2018-01-03T09:30,376,0.051,68.9
1,2018-01-03T09:30,413,0.1403,55.5
2,2018-01-03T09:30,483,0.0976,60.3
0,2018-01-03T09:35,340,0.0467,68.4
1,2018-01-03T09:35,359,0.1083,57.9
2,2018-01-03T09:35,354,0.074,59.9
0,2018-01-03T09:40,358,0.0491,68.4
1,2018-01-03T09:40,338,0.1002,59.4
2,2018-01-03T09:40,384,0.0776,60.6
0,2018-01-03T09:45,429,0.0579,68.6
1,2018-01-03T09:45,341,0.0975,61.3
2,2018-01-03T09:45,388,0.0803,60.1
0,2018-01-03T09:50,357,0.0475,69
1,2018-01-03T09:50,326,0.109,58.1
2,2018-01-03T09:50,418,0.0823,61.2
0,2018-01-03T09:55,392,0.053,69
1,2018-01-03T09:55,348,0.1012,60
2,2018-01-03T09:55,331,0.0635,62.4
0,2018-01-03T10:00,214,0.0294,68.9
1,2018-01-03T10:00,339,0.1031,59.7
2,2018-01-03T10:00,436,0.088,61.9
0,2018-01-03T10:05,277,0.0366,68.3
1,2018-01-03T10:05,332,0.1056,58.6
2,2018-01-03T10:05,359,0.0696,62.7
0,2018-01-03T10:10,323,0.0423,69.7
1,2018-01-03T10:10,304,0.0872,60.9
2,2018-01-03T10:10,383,0.0775,61.9
0,2018-01-03T10:15,313,0.0414,69.5
1,2018-01-03T10:15,318,0.0925,61.9
2,2018-01-03T10:15,327,0.0693,60.9
0,2018-01-03T10:20,378,0.05,69.6
1,2018-01-03T10:20,270,0.0823,60.6
2,2018-01-03T10:20,408,0.0785,62.2
0,2018-01-03T10:25,323,0.0491,66.7
1,2018-01-03T10:25,315,0.0962,60.2
2,2018-01-03T10:25,453,0.089,62.3
0,2018-01-03T10:30,368,0.0497,67.6
1,2018-01-03T10:30,246,0.0736,61.2
2,2018-01-03T10:30,312,0.0594,63.6
0,2018-01-03T10:35,316,0.0414,68.7
1,2018-01-03T10:35,279,0.0826,61.1
2,2018-01-03T10:35,437,0.089,62
0,2018-01-03T10:40,316,0.044,68.1
1,2018-01-03T10:40,314,0.0945,61.3
2,2018-01-03T10:40,406,0.0804,61.6
0,2018-01-03T10:45,357,0.0494,67.7
1,2018-01-03T10:45,280,0.0799,62.2
2,2018-01-03T10:45,300,0.057,63.3
0,2018-01-03T10:50,375,0.0499,68.3
1,2018-01-03T10:50,266,0.0799,61
2,2018-01-03T10:50,320,0.0606,63.4
0,2018-01-03T10:55,342,0.0454,69
1,2018-01-03T10:55,261,0.079,59.6
2,2018-01-03T10:55,416,0.0801,63.5
0,2018-01-03T11:00,296,0.0473,65.8
1,2018-01-03T11:00,233,0.0723,59
2,2018-01-03T11:00,367,0.0703,63.3
0,2018-01-03T11:05,290,0.0382,66.9
1,2018-01-03T11:05,186,0.0552,59.6
2,2018-01-03T11:05,384,0.0761,62.8
0,2018-01-03T11:10,287,0.0391,67.2
1,2018-01-03T11:10,224,0.0735,58.2
2,2018-01-03T11:10,335,0.0631,63.4
0,2018-01-03T11:15,247,0.0322,68.4
1,2018-01-03T11:15,195,0.0556,60.9
2,2018-01-03T11:15,198,0.0382,63.5
0,2018-01-03T11:20,391,0.054,67.5
1,2018-01-03T11:20,232,0.0806,56.9
2,2018-01-03T11:20,202,0.0416,61.8
0,2018-01-03T11:25,313,0.0438,66.4
1,2018-01-03T11:25,259,0.0814,57.4
2,2018-01-03T11:25,476,0.1084,57.3
0,2018-01-03T11:30,319,0.0441,66.6
1,2018-01-03T11:30,217,0.0686,56.5
2,2018-01-03T11:30,336,0.0723,56.6
0,2018-01-03T11:35,295,0.041,66.8
1,2018-01-03T11:35,160,0.0461,59.6
2,2018-01-03T11:35,371,0.0812,56.5
0,2018-01-03T11:40,348,0.0493,66.1
1,2018-01-03T11:40,201,0.061,59.2
2,2018-01-03T11:40,424,0.0884,57.1
0,2018-01-03T11:45,356,0.0493,66.6
1,2018-01-03T11:45,265,0.0785,60.3
2,2018-01-03T11:45,293,0.0635,56.6
0,2018-01-03T11:50,306,0.0418,66.9
1,2018-01-03T11:50,240,0.0665,62.4
2,2018-01-03T11:50,308,0.0665,57.2
0,2018-01-03T11:55,319,0.0448,66.3
1,2018-01-03T11:55,241,0.0677,63.6
2,2018-01-03T11:55,376,0.081,56.6
0,2018-01-03T12:00,310,0.044,65.8
1,2018-01-03T12:00,247,0.0689,64.3
2,2018-01-03T12:00,229,0.0476,58.1
0,2018-01-03T12:05,266,0.0372,65.5
1,2018-01-03T12:05,186,0.0562,61.6
2,2018-01-03T12:05,308,0.0624,59.3
0,2018-01-03T12:10,337,0.0471,65.8
1,2018-01-03T12:10,188,0.0578,60.3
2,2018-01-03T12:10,423,0.0852,59.8
0,2018-01-03T12:15,336,0.0502,64.2
1,2018-01-03T12:15,216,0.0633,60.7
2,2018-01-03T12:15,186,0.0377,60.6
0,2018-01-03T12:20,341,0.0468,65.7
1,2018-01-03T12:20,178,0.0806,53.3
2,2018-01-03T12:20,314,0.0683,58.7
0,2018-01-03T12:25,359,0.0495,66.6
1,2018-01-03T12:25,236,0.0695,57.7
2,2018-01-03T12:25,268,0.0583,58
0,2018-01-03T12:30,245,0.0328,67.3
1,2018-01-03T12:30,224,0.0648,59.7
2,2018-01-03T12:30,380,0.0751,59.2
0,2018-01-03T12:35,288,0.04,66.2
1,2018-01-03T12:35,236,0.0632,62.9
2,2018-01-03T12:35,367,0.0712,61.5
0,2018-01-03T12:40,362,0.0495,67.3
1,2018-01-03T12:40,197,0.0605,60.9
2,2018-01-03T12:40,289,0.0533,63.3
0,2018-01-03T12:45,353,0.0505,66.2
1,2018-01-03T12:45,248,0.0698,63.2
2,2018-01-03T12:45,288,0.0548,63.9
0,2018-01-03T12:50,266,0.0402,64.7
1,2018-01-03T12:50,219,0.0664,60.6
2,2018-01-03T12:50,313,0.0649,61.1
0,2018-01-03T12:55,254,0.0357,64.9
1,2018-01-03T12:55,217,0.0662,59.8
2,2018-01-03T12:55,238,0.0488,61.2
0,2018-01-03T13:00,303,0.0428,65
1,2018-01-03T13:00,190,0.0536,61.4
2,2018-01-03T13:00,354,0.0727,60
0,2018-01-03T13:05,312,0.0445,64.7
1,2018-01-03T13:05,209,0.0654,60.2
2,2018-01-03T13:05,284,0.0547,61.4
0,2018-01-03T13:10,348,0.0512,63.7
1,2018-01-03T13:10,224,0.0745,58.2
2,2018-01-03T13:10,336,0.0646,62
0,2018-01-03T13:15,333,0.0492,63.9
1,2018-01-03T13:15,221,0.0675,58.3
2,2018-01-03T13:15,212,0.0439,61.1
0,2018-01-03T13:20,323,0.0455,64.5
1,2018-01-03T13:20,271,0.0811,59.9
2,2018-01-03T13:20,313,0.0618,61.1
0,2018-01-03T13:25,337,0.0481,64.3
1,2018-01-03T13:25,224,0.0653,60.7
2,2018-01-03T13:25,361,0.0726,60.9
0,2018-01-03T13:30,286,0.0412,64.2
1,2018-01-03T13:30,229,0.0642,62.8
2,2018-01-03T13:30,226,0.0465,60.6
0,2018-01-03T13:35,372,0.053,64.5
1,2018-01-03T13:35,204,0.0611,61.3
2,2018-01-03T13:35,368,0.073,60.4
0,2018-01-03T13:40,400,0.0583,63.8
1,2018-01-03T13:40,216,0.0608,62.4
2,2018-01-03T13:40,368,0.0727,60.9
0,2018-01-03T13:45,406,0.0555,65.6
1,2018-01-03T13:45,212,0.0589,64.1
2,2018-01-03T13:45,325,0.0654,60.8
0,2018-01-03T13:50,251,0.0358,65.4
1,2018-01-03T13:50,197,0.0586,62.6
2,2018-01-03T13:50,356,0.0739,59.6
0,2018-01-03T13:55,374,0.0527,65.3
1,2018-01-03T13:55,205,0.0595,62.4
2,2018-01-03T13:55,283,0.0543,61.6
0,2018-01-03T14:00,354,0.0505,64.6
1,2018-01-03T14:00,169,0.0492,61.9
2,2018-01-03T14:00,288,0.0517,64.2
0,2018-01-03T14:05,353,0.0493,65.1
1,2018-01-03T14:05,204,0.0576,63.5
2,2018-01-03T14:05,369,0.0717,63.1
0,2018-01-03T14:10,409,0.0559,66
1,2018-01-03T14:10,184,0.0894,55.7
2,2018-01-03T14:10,414,0.0766,64
0,2018-01-03T14:15,358,0.0482,67.5
1,2018-01-03T14:15,206,0.0635,57.1
2,2018-01-03T14:15,368,0.065,65.8
0,2018-01-03T14:20,344,0.0498,66
1,2018-01-03T14:20,197,0.0568,60.2
2,2018-01-03T14:20,299,0.0531,66.2
0,2018-01-03T14:25,300,0.0434,65.7
1,2018-01-03T14:25,197,0.057,61
2,2018-01-03T14:25,342,0.0714,62.3
0,2018-01-03T14:30,327,0.0453,66.1
1,2018-01-03T14:30,187,0.0537,61.9
2,2018-01-03T14:30,381,0.0779,60.6
0,2018-01-03T14:35,381,0.0539,65.7
1,2018-01-03T14:35,220,0.0667,61.2
2,2018-01-03T14:35,258,0.0513,61
0,2018-01-03T14:40,323,0.0454,66.4
1,2018-01-03T14:40,227,0.0671,61.1
2,2018-01-03T14:40,341,0.0673,60.8
0,2018-01-03T14:45,362,0.0537,64.5
1,2018-01-03T14:45,244,0.0694,61.9
2,2018-01-03T14:45,271,0.0523,61.6
0,2018-01-03T14:50,389,0.0558,64.5
1,2018-01-03T14:50,235,0.064,63.7
2,2018-01-03T14:50,395,0.0781,61.3
0,2018-01-03T14:55,312,0.0442,65.2
1,2018-01-03T14:55,205,0.056,64.7
2,2018-01-03T14:55,179,0.0344,62.2
0,2018-01-03T15:00,348,0.0501,64.8
1,2018-01-03T15:00,194,0.0518,65.7
2,2018-01-03T15:00,305,0.0593,62.2
0,2018-01-03T15:05,387,0.0541,65
1,2018-01-03T15:05,233,0.0669,63.9
2,2018-01-03T15:05,298,0.0578,61.8
0,2018-01-03T15:10,341,0.0481,65.1
1,2018-01-03T15:10,214,0.0592,64.1
2,2018-01-03T15:10,280,0.0529,63
0,2018-01-03T15:15,412,0.0583,65.1
1,2018-01-03T15:15,182,0.0527,63.2
2,2018-01-03T15:15,356,0.0693,62.5
0,2018-01-03T15:20,338,0.0483,65
1,2018-01-03T15:20,247,0.0714,62.6
2,2018-01-03T15:20,241,0.0461,63.1
0,2018-01-03T15:25,410,0.0608,64
1,2018-01-03T15:25,279,0.0783,63.5
2,2018-01-03T15:25,331,0.0634,62.8
0,2018-01-03T15:30,375,0.052,64.8
1,2018-01-03T15:30,171,0.0477,63.7
2,2018-01-03T15:30,317,0.0573,64.7
0,2018-01-03T15:35,370,0.0495,66.8
1,2018-01-03T15:35,219,0.0654,62
2,2018-01-03T15:35,331,0.0609,65
0,2018-01-03T15:40,360,0.05,66.4
1,2018-01-03T15:40,223,0.0658,61.5
2,2018-01-03T15:40,392,0.0757,63.6
0,2018-01-03T15:45,381,0.0542,66
1,2018-01-03T15:45,221,0.0617,63.4
2,2018-01-03T15:45,281,0.0541,63.2
0,2018-01-03T15:50,286,0.0392,66.8
1,2018-01-03T15:50,255,0.0679,65.3
2,2018-01-03T15:50,119,0.0231,63.9
0,2018-01-03T15:55,355,0.0479,67.2
1,2018-01-03T15:55,244,0.0646,66.2
2,2018-01-03T15:55,91,0.0173,65.7
0,2018-01-03T16:00,386,0.0517,68.2
1,2018-01-03T16:00,141,0.0385,65.5
2,2018-01-03T16:00,356,0.0682,64.8
0,2018-01-03T16:05,344,0.0462,68.6
1,2018-01-03T16:05,150,0.0399,66.6
2,2018-01-03T16:05,283,0.0511,65.3
0,2018-01-03T16:10,373,0.0496,68.9
1,2018-01-03T16:10,252,0.0657,67.3
2,2018-01-03T16:10,214,0.0379,67
0,2018-01-03T16:15,272,0.037,68.4
1,2018-01-03T16:15,249,0.0682,66.2
2,2018-01-03T16:15,185,0.0347,66.3
0,2018-01-03T16:20,350,0.0472,68.5
1,2018-01-03T16:20,269,0.0756,65.1
2,2018-01-03T16:20,261,0.0457,67.3
0,2018-01-03T16:25,388,0.0512,69.2
1,2018-01-03T16:25,224,0.06,65.7
2,2018-01-03T16:25,369,0.0677,66.6
0,2018-01-03T16:30,361,0.0496,68.9
1,2018-01-03T16:30,235,0.0636,65.5
2,2018-01-03T16:30,291,0.0512,67.6
0,2018-01-03T16:35,329,0.0441,69.1
1,2018-01-03T16:35,171,0.0473,65.4
2,2018-01-03T16:35,346,0.0638,66.4
0,2018-01-03T16:40,399,0.0534,68.8
1,2018-01-03T16:40,197,0.049,68.3
2,2018-01-03T16:40,186,0.0341,66.4
0,2018-01-03T16:45,361,0.0485,68.8
1,2018-01-03T16:45,250,0.0685,67.1
2,2018-01-03T16:45,298,0.0549,65.8
0,2018-01-03T16:50,392,0.0541,67.9
1,2018-01-03T16:50,229,0.0594,67.8
2,2018-01-03T16:50,264,0.0477,66
0,2018-01-03T16:55,414,0.0561,67.9
1,2018-01-03T16:55,262,0.0678,68.3
2,2018-01-03T16:55,305,0.0509,69.1
0,2018-01-03T17:00,369,0.0489,68.6
1,2018-01-03T17:00,209,0.0586,66.4
2,2018-01-03T17:00,212,0.0369,70
0,2018-01-03T17:05,320,0.0439,67.8
1,2018-01-03T17:05,252,0.0678,67
2,2018-01-03T17:05,176,0.0328,68.7
0,2018-01-03T17:10,299,0.0641,61.7
1,2018-01-03T17:10,273,0.071,68.1
2,2018-01-03T17:10,288,0.0508,70
0,2018-01-03T17:15,455,0.0645,63.6
1,2018-01-03T17:15,222,0.0578,68.3
2,2018-01-03T17:15,355,0.0681,68
0,2018-01-03T17:20,430,0.0609,64.7
1,2018-01-03T17:20,256,0.0694,67.5
2,2018-01-03T17:20,315,0.0568,68.6
0,2018-01-03T17:25,328,0.0452,65.7
1,2018-01-03T17:25,267,0.0734,66.2
2,2018-01-03T17:25,161,0.0312,66.9
0,2018-01-03T17:30,358,0.052,65.2
1,2018-01-03T17:30,306,0.088,64.4
2,2018-01-03T17:30,192,0.037,66.4
0,2018-01-03T17:35,421,0.0627,64.1
1,2018-01-03T17:35,244,0.0684,64.1
2,2018-01-03T17:35,144,0.0261,67.9
0,2018-01-03T17:40,386,0.0575,63.4
1,2018-01-03T17:40,304,0.0864,64.1
2,2018-01-03T17:40,268,0.0492,67.9
0,2018-01-03T17:45,434,0.0659,62.8
1,2018-01-03T17:45,259,0.075,63.8
2,2018-01-03T17:45,226,0.0422,67.5
0,2018-01-03T17:50,407,0.0625,61.9
1,2018-01-03T17:50,253,0.0763,62.5
2,2018-01-03T17:50,317,0.0595,67.1
0,2018-01-03T17:55,325,0.0495,61.9
1,2018-01-03T17:55,246,0.0696,63.3
2,2018-01-03T17:55,196,0.0349,68.4
0,2018-01-03T18:00,361,0.057,61.2
1,2018-01-03T18:00,267,0.0784,62.7
2,2018-01-03T18:00,223,0.0418,67.7
0,2018-01-03T18:05,335,0.0472,64.3
1,2018-01-03T18:05,214,0.063,62.3
2,2018-01-03T18:05,262,0.0512,66.3
0,2018-01-03T18:10,327,0.0468,65.2
1,2018-01-03T18:10,221,0.0621,63.1
2,2018-01-03T18:10,120,0.0212,67.9
0,2018-01-03T18:15,345,0.0483,66
1,2018-01-03T18:15,300,0.092,61.4
2,2018-01-03T18:15,219,0.0393,69
0,2018-01-03T18:20,355,0.0477,68
1,2018-01-03T18:20,234,0.0668,62
2,2018-01-03T18:20,214,0.0381,69.5
0,2018-01-03T18:25,348,0.0474,68.3
1,2018-01-03T18:25,204,0.0621,61
2,2018-01-03T18:25,264,0.0471,69.4
0,2018-01-03T18:30,323,0.0454,67.9
1,2018-01-03T18:30,207,0.0599,61.3
2,2018-01-03T18:30,166,0.0325,67.3
0,2018-01-03T18:35,330,0.0464,67.5
1,2018-01-03T18:35,206,0.0591,61.9
2,2018-01-03T18:35,285,0.0523,68.1
0,2018-01-03T18:40,337,0.0463,67.7
1,2018-01-03T18:40,201,0.0644,59.2
2,2018-01-03T18:40,226,0.041,68.5
0,2018-01-03T18:45,265,0.0392,66.3
1,2018-01-03T18:45,190,0.0531,61.4
2,2018-01-03T18:45,225,0.044,66.6
0,2018-01-03T18:50,256,0.0388,63.3
1,2018-01-03T18:50,193,0.0536,62.7
2,2018-01-03T18:50,268,0.0527,65.2
0,2018-01-03T18:55,213,0.0321,63.6
1,2018-01-03T18:55,197,0.0591,61.8
2,2018-01-03T18:55,243,0.0493,64
0,2018-01-03T19:00,288,0.0432,63
1,2018-01-03T19:00,188,0.0583,60.1
2,2018-01-03T19:00,157,0.0292,65.4
0,2018-01-03T19:05,219,0.0321,64
1,2018-01-03T19:05,122,0.0357,61.3
2,2018-01-03T19:05,198,0.035,67.7
0,2018-01-03T19:10,241,0.035,63.6
1,2018-01-03T19:10,172,0.0535,60.5
2,2018-01-03T19:10,216,0.0408,66.5
0,2018-01-03T19:15,251,0.0367,63.2
1,2018-01-03T19:15,134,0.0404,60.8
2,2018-01-03T19:15,214,0.0438,63.5
0,2018-01-03T19:20,262,0.0369,64.5
1,2018-01-03T19:20,158,0.0477,60.5
2,2018-01-03T19:20,279,0.0525,64.7
0,2018-01-03T19:25,225,0.033,64.6
1,2018-01-03T19:25,149,0.0423,62.3
2,2018-01-03T19:25,165,0.0309,65.5
0,2018-01-03T19:30,214,0.0303,64.6
1,2018-01-03T19:30,152,0.0363,67.1
2,2018-01-03T19:30,190,0.0367,65.4
0,2018-01-03T19:35,199,0.0286,64.9
1,2018-01-03T19:35,148,0.0425,65.2
2,2018-01-03T19:35,214,0.0384,67
0,2018-01-03T19:40,219,0.0326,65.1
1,2018-01-03T19:40,179,0.0499,65.3
2,2018-01-03T19:40,193,0.0353,67
0,2018-01-03T19:45,206,0.0297,64.9
1,2018-01-03T19:45,145,0.0387,66
2,2018-01-03T19:45,165,0.0295,67.8
0,2018-01-03T19:50,219,0.0314,65.9
1,2018-01-03T19:50,126,0.0401,62.1
2,2018-01-03T19:50,158,0.0297,67
0,2018-01-03T19:55,191,0.0279,64.2
1,2018-01-03T19:55,136,0.0396,63.4
2,2018-01-03T19:55,203,0.036,68.1
0,2018-01-03T20:00,179,0.0249,65.8
1,2018-01-03T20:00,106,0.0302,63.7
2,2018-01-03T20:00,155,0.0278,68.9
0,2018-01-03T20:05,196,0.0274,65.7
1,2018-01-03T20:05,97,0.0278,62.9
2,2018-01-03T20:05,214,0.0408,66.7
0,2018-01-03T20:10,195,0.0274,65.9
1,2018-01-03T20:10,152,0.0535,57.6
2,2018-01-03T20:10,166,0.0296,68.2
0,2018-01-03T20:15,185,0.0267,65.7
1,2018-01-03T20:15,27,0.0068,63.5
2,2018-01-03T20:15,210,0.0401,66.6
0,2018-01-03T20:20,206,0.0293,65.5
1,2018-01-03T20:20,203,0.0949,51.3
2,2018-01-03T20:20,168,0.0324,65.8
0,2018-01-03T20:25,181,0.0262,65
1,2018-01-03T20:25,147,0.0494,52.6
2,2018-01-03T20:25,143,0.0286,64.8
0,2018-01-03T20:30,183,0.0258,65.3
1,2018-01-03T20:30,124,0.0417,53.2
2,2018-01-03T20:30,128,0.0248,66
0,2018-01-03T20:35,190,0.0272,64.6
1,2018-01-03T20:35,133,0.041,56.7
2,2018-01-03T20:35,138,0.0259,66.4
0,2018-01-03T20:40,162,0.0228,65.8
1,2018-01-03T20:40,113,0.0333,59
2,2018-01-03T20:40,137,0.0255,67.2
0,2018-01-03T20:45,178,0.0256,65
1,2018-01-03T20:45,112,0.0344,59.4
2,2018-01-03T20:45,213,0.0409,66
0,2018-01-03T20:50,200,0.0298,63.8
1,2018-01-03T20:50,91,0.0252,61.6
2,2018-01-03T20:50,172,0.0317,66.8
0,2018-01-03T20:55,141,0.0207,64.3
1,2018-01-03T20:55,160,0.0418,65.5
2,2018-01-03T20:55,112,0.0235,64.5
0,2018-01-03T21:00,156,0.0238,64.4
1,2018-01-03T21:00,134,0.0353,66.7
2,2018-01-03T21:00,150,0.0309,63.6
0,2018-01-03T21:05,170,0.0505,57.9
1,2018-01-03T21:05,109,0.036,60.5
2,2018-01-03T21:05,187,0.0373,63.9
0,2018-01-03T21:10,187,0.0277,61.5
1,2018-01-03T21:10,117,0.0332,61.5
2,2018-01-03T21:10,115,0.0229,64
0,2018-01-03T21:15,159,0.0226,62.9
1,2018-01-03T21:15,123,0.0388,59.4
2,2018-01-03T21:15,160,0.0326,63.5
0,2018-01-03T21:20,146,0.0213,64.8
1,2018-01-03T21:20,81,0.018,70.6
2,2018-01-03T21:20,162,0.0314,64.1
0,2018-01-03T21:25,149,0.0214,64.9
1,2018-01-03T21:25,95,0.0271,66.1
2,2018-01-03T21:25,173,0.0352,63.4
0,2018-01-03T21:30,176,0.0243,65.5
1,2018-01-03T21:30,202,0.065,60.9
2,2018-01-03T21:30,129,0.0238,65.6
0,2018-01-03T21:35,135,0.0201,66.1
1,2018-01-03T21:35,118,0.0299,65.1
2,2018-01-03T21:35,107,0.0202,66.4
0,2018-01-03T21:40,190,0.0272,65.3
1,2018-01-03T21:40,131,0.0412,60.5
2,2018-01-03T21:40,164,0.0298,67.7
0,2018-01-03T21:45,177,0.0238,66.5
1,2018-01-03T21:45,93,0.0293,59.8
2,2018-01-03T21:45,100,0.018,68.2
0,2018-01-03T21:50,140,0.0196,67.1
1,2018-01-03T21:50,26,0.0028,67.7
2,2018-01-03T21:50,210,0.0442,64.5
0,2018-01-03T21:55,133,0.0185,66.4
1,2018-01-03T21:55,17,0.0021,69.4
2,2018-01-03T21:55,171,0.0353,63
0,2018-01-03T22:00,126,0.0181,66.3
1,2018-01-03T22:00,208,0.0638,61.2
2,2018-01-03T22:00,168,0.0325,64
0,2018-01-03T22:05,152,0.0211,65.5
1,2018-01-03T22:05,181,0.0507,61.3
2,2018-01-03T22:05,152,0.0296,64
0,2018-01-03T22:10,147,0.0202,66.1
1,2018-01-03T22:10,82,0.0226,63.6
2,2018-01-03T22:10,125,0.0237,65.4
0,2018-01-03T22:15,171,0.0236,65.8
1,2018-01-03T22:15,89,0.0234,64
2,2018-01-03T22:15,141,0.0271,66.1
0,2018-01-03T22:20,128,0.0173,67.3
1,2018-01-03T22:20,107,0.0278,64.6
2,2018-01-03T22:20,171,0.0311,66.6
0,2018-01-03T22:25,133,0.0177,67.9
1,2018-01-03T22:25,89,0.0245,64.3
2,2018-01-03T22:25,147,0.0291,65.3
0,2018-01-03T22:30,114,0.0154,66.3
1,2018-01-03T22:30,124,0.0293,67
2,2018-01-03T22:30,88,0.0156,67.4
0,2018-01-03T22:35,137,0.0179,68
1,2018-01-03T22:35,94,0.0221,69.8
2,2018-01-03T22:35,175,0.036,64.7
0,2018-01-03T22:40,123,0.016,68.1
1,2018-01-03T22:40,95,0.0245,68
2,2018-01-03T22:40,135,0.0262,65.6
0,2018-01-03T22:45,134,0.0176,68.5
1,2018-01-03T22:45,95,0.0276,64.8
2,2018-01-03T22:45,128,0.023,67.1
0,2018-01-03T22:50,107,0.0142,68.3
1,2018-01-03T22:50,71,0.0147,69.3
2,2018-01-03T22:50,119,0.0234,66.5
0,2018-01-03T22:55,131,0.0178,67.8
1,2018-01-03T22:55,76,0.0187,68.7
2,2018-01-03T22:55,99,0.0219,64.6
0,2018-01-03T23:00,112,0.0146,67.6
1,2018-01-03T23:00,72,0.0191,66.5
2,2018-01-03T23:00,101,0.019,67
0,2018-01-03T23:05,141,0.019,67.3
1,2018-01-03T23:05,94,0.0266,65.6
2,2018-01-03T23:05,93,0.0172,67.5
0,2018-01-03T23:10,112,0.0146,68.2
1,2018-01-03T23:10,65,0.0157,65.9
2,2018-01-03T23:10,86,0.0187,65.6
0,2018-01-03T23:15,106,0.0143,66.9
1,2018-01-03T23:15,76,0.0173,68
2,2018-01-03T23:15,82,0.0162,67.6
0,2018-01-03T23:20,93,0.0128,66.7
1,2018-01-03T23:20,67,0.0159,68.1
2,2018-01-03T23:20,51,0.0094,68
0,2018-01-03T23:25,85,0.0108,67.4
1,2018-01-03T23:25,54,0.0138,67.1
2,2018-01-03T23:25,76,0.015,66.6
0,2018-01-03T23:30,88,0.0105,67.7
1,2018-01-03T23:30,71,0.0165,67.9
2,2018-01-03T23:30,87,0.0154,68.6
0,2018-01-03T23:35,75,0.0093,67.6
1,2018-01-03T23:35,99,0.0247,68.4
2,2018-01-03T23:35,72,0.0145,67.9
0,2018-01-03T23:40,75,0.0097,68.1
1,2018-01-03T23:40,71,0.0175,68.8
2,2018-01-03T23:40,71,0.0143,66.6
0,2018-01-03T23:45,86,0.0109,68.4
1,2018-01-03T23:45,49,0.0122,67.4
2,2018-01-03T23:45,53,0.0087,68.1
0,2018-01-03T23:50,74,0.01,67.4
1,2018-01-03T23:50,43,0.0106,67.3
2,2018-01-03T23:50,72,0.011,69.2
0,2018-01-03T23:55,62,0.0081,67.7
1,2018-01-03T23:55,41,0.0104,66.7
2,2018-01-03T23:55,75,0.0136,69
0,2018-01-04T00:00,56,0.0071,68.4
1,2018-01-04T00:00,38,0.01,68.6
2,2018-01-04T00:00,64,0.0109,69.1
0,2018-01-04T00:05,83,0.0114,67.1
1,2018-01-04T00:05,41,0.0094,67.4
2,2018-01-04T00:05,65,0.0103,70.2
0,2018-01-04T00:10,65,0.0088,67.2
1,2018-01-04T00:10,27,0.0076,67.5
2,2018-01-04T00:10,110,0.02,69.7
0,2018-01-04T00:15,53,0.0067,68.3
1,2018-01-04T00:15,47,0.0133,66.2
2,2018-01-04T00:15,68,0.0135,68.6
0,2018-01-04T00:20,39,0.0052,68.1
1,2018-01-04T00:20,34,0.0134,63.6
2,2018-01-04T00:20,71,0.0211,63
0,2018-01-04T00:25,53,0.0074,68.5
1,2018-01-04T00:25,68,0.016,66.2
2,2018-01-04T00:25,67,0.0144,65.9
0,2018-01-04T00:30,54,0.0062,67.7
1,2018-01-04T00:30,26,0.008,66.2
2,2018-01-04T00:30,62,0.0121,65.9
0,2018-01-04T00:35,69,0.0083,66.9
1,2018-01-04T00:35,40,0.0101,66.5
2,2018-01-04T00:35,61,0.0117,67.4
0,2018-01-04T00:40,31,0.0041,68.3
1,2018-01-04T00:40,77,0.016,69.5
2,2018-01-04T00:40,60,0.0147,66.8
0,2018-01-04T00:45,45,0.0057,67.9
1,2018-01-04T00:45,33,0.0085,67.1
2,2018-01-04T00:45,71,0.0167,66.1
0,2018-01-04T00:50,31,0.0045,67.8
1,2018-01-04T00:50,33,0.0077,67.8
2,2018-01-04T00:50,56,0.0143,65
0,2018-01-04T00:55,32,0.0038,69.1
1,2018-01-04T00:55,44,0.0101,68.8
2,2018-01-04T00:55,55,0.013,65.3
0,2018-01-04T01:00,45,0.0059,67
1,2018-01-04T01:00,37,0.0108,66.4
2,2018-01-04T01:00,60,0.0132,65.7
0,2018-01-04T01:05,55,0.007,66.4
1,2018-01-04T01:05,44,0.0078,70.6
2,2018-01-04T01:05,39,0.009,65.9
0,2018-01-04T01:10,42,0.0049,67.3
1,2018-01-04T01:10,39,0.0073,70.2
2,2018-01-04T01:10,56,0.0127,66.3
0,2018-01-04T01:15,30,0.0036,67.5
1,2018-01-04T01:15,46,0.008,71.4
2,2018-01-04T01:15,42,0.009,67.5
0,2018-01-04T01:20,57,0.0062,66.5
1,2018-01-04T01:20,40,0.0098,70
2,2018-01-04T01:20,54,0.0133,66.6
0,2018-01-04T01:25,36,0.0046,66.9
1,2018-01-04T01:25,47,0.0089,69.8
2,2018-01-04T01:25,43,0.0096,66.8
0,2018-01-04T01:30,21,0.0026,69.2
1,2018-01-04T01:30,40,0.0093,68.7
2,2018-01-04T01:30,34,0.0062,68.7
0,2018-01-04T01:35,42,0.0052,67.1
1,2018-01-04T01:35,24,0.0065,68.2
2,2018-01-04T01:35,44,0.0091,68.1
0,2018-01-04T01:40,21,0.0025,67.6
1,2018-01-04T01:40,42,0.0111,67.3
2,2018-01-04T01:40,50,0.0116,67
0,2018-01-04T01:45,37,0.0044,67.4
1,2018-01-04T01:45,31,0.0075,67.8
2,2018-01-04T01:45,59,0.0116,67.8
0,2018-01-04T01:50,28,0.0037,69
1,2018-01-04T01:50,30,0.0059,69.2
2,2018-01-04T01:50,49,0.0088,68.4
0,2018-01-04T01:55,23,0.0031,68.4
1,2018-01-04T01:55,47,0.01,68.4
2,2018-01-04T01:55,55,0.0145,65.8
0,2018-01-04T02:00,29,0.0032,65.9
1,2018-01-04T02:00,34,0.0074,66.9
2,2018-01-04T02:00,46,0.0103,66.3
0,2018-01-04T02:05,30,0.0038,66.5
1,2018-01-04T02:05,41,0.0082,68.9
2,2018-01-04T02:05,52,0.0109,67.5
0,2018-01-04T02:10,32,0.0037,67.7
1,2018-01-04T02:10,31,0.0074,68.5
2,2018-01-04T02:10,50,0.0115,67.3
0,2018-01-04T02:15,36,0.0042,67.2
1,2018-01-04T02:15,22,0.007,66.6
2,2018-01-04T02:15,60,0.0131,67.3
0,2018-01-04T02:20,29,0.0044,68.7
1,2018-01-04T02:20,76,0.0126,71.7
2,2018-01-04T02:20,54,0.0112,67.9
0,2018-01-04T02:25,25,0.0036,69.2
1,2018-01-04T02:25,38,0.0069,70.5
2,2018-01-04T02:25,46,0.0125,64.6
0,2018-01-04T02:30,31,0.0039,67.7
1,2018-01-04T02:30,22,0.0065,68.2
2,2018-01-04T02:30,71,0.0151,66.9
0,2018-01-04T02:35,40,0.0047,65.6
1,2018-01-04T02:35,73,0.0163,70.2
2,2018-01-04T02:35,70,0.014,68.1
0,2018-01-04T02:40,27,0.0034,69
1,2018-01-04T02:40,68,0.0145,71.3
2,2018-01-04T02:40,72,0.0166,66.7
0,2018-01-04T02:45,38,0.0043,66.3
1,2018-01-04T02:45,72,0.0164,68.7
2,2018-01-04T02:45,57,0.012,67.9
0,2018-01-04T02:50,35,0.0043,67.4
1,2018-01-04T02:50,63,0.0128,69
2,2018-01-04T02:50,77,0.0181,65.8
0,2018-01-04T02:55,58,0.0071,67.7
1,2018-01-04T02:55,39,0.0092,67.9
2,2018-01-04T02:55,60,0.0124,67.7
0,2018-01-04T03:00,41,0.005,67.8
1,2018-01-04T03:00,48,0.0117,68.6
2,2018-01-04T03:00,57,0.0124,67.5
0,2018-01-04T03:05,24,0.0036,68.4
1,2018-01-04T03:05,80,0.015,73.9
2,2018-01-04T03:05,68,0.0145,68.2
0,2018-01-04T03:10,27,0.0039,68.1
1,2018-01-04T03:10,53,0.0122,71.1
2,2018-01-04T03:10,92,0.0205,66
0,2018-01-04T03:15,49,0.0055,67.2
1,2018-01-04T03:15,60,0.0132,70.8
2,2018-01-04T03:15,87,0.0183,66.5
0,2018-01-04T03:20,38,0.0047,67.8
1,2018-01-04T03:20,58,0.0136,70.2
2,2018-01-04T03:20,106,0.0205,67.3
0,2018-01-04T03:25,36,0.0044,69.3
1,2018-01-04T03:25,67,0.0205,68.5
2,2018-01-04T03:25,103,0.0214,66.7
0,2018-01-04T03:30,60,0.0073,69.4
1,2018-01-04T03:30,58,0.0194,64.2
2,2018-01-04T03:30,125,0.0275,65.6
0,2018-01-04T03:35,50,0.0062,68.4
1,2018-01-04T03:35,91,0.0215,70.5
2,2018-01-04T03:35,123,0.0243,66.6
0,2018-01-04T03:40,67,0.0078,68.4
1,2018-01-04T03:40,80,0.0222,66.6
2,2018-01-04T03:40,130,0.0244,66.8
0,2018-01-04T03:45,67,0.0078,69.5
1,2018-01-04T03:45,61,0.0162,67.2
2,2018-01-04T03:45,136,0.0257,68.2
0,2018-01-04T03:50,62,0.0076,70.2
1,2018-01-04T03:50,80,0.0221,66.2
2,2018-01-04T03:50,168,0.0342,66.6
0,2018-01-04T03:55,62,0.0075,69.9
1,2018-01-04T03:55,81,0.0251,64.8
2,2018-01-04T03:55,144,0.0268,68.1
0,2018-01-04T04:00,52,0.0064,69.8
1,2018-01-04T04:00,96,0.0237,67.4
2,2018-01-04T04:00,166,0.0321,66.6
0,2018-01-04T04:05,75,0.0096,70.1
1,2018-01-04T04:05,82,0.0223,68.3
2,2018-01-04T04:05,186,0.0376,65.6
0,2018-01-04T04:10,72,0.0086,70.1
1,2018-01-04T04:10,77,0.0202,68.2
2,2018-01-04T04:10,191,0.035,66.3
0,2018-01-04T04:15,98,0.0121,70.4
1,2018-01-04T04:15,95,0.0274,67.3
2,2018-01-04T04:15,233,0.0441,66.9
0,2018-01-04T04:20,114,0.0146,69
1,2018-01-04T04:20,126,0.0325,69.7
2,2018-01-04T04:20,255,0.0452,67.9
0,2018-01-04T04:25,122,0.0149,69
1,2018-01-04T04:25,133,0.0384,67.4
2,2018-01-04T04:25,266,0.0466,68.9
0,2018-01-04T04:30,121,0.0153,69.3
1,2018-01-04T04:30,144,0.0385,68.3
2,2018-01-04T04:30,301,0.0512,69.9
0,2018-01-04T04:35,163,0.0203,69.8
1,2018-01-04T04:35,156,0.0478,65.9
2,2018-01-04T04:35,282,0.0504,68.9
0,2018-01-04T04:40,154,0.0204,69.5
1,2018-01-04T04:40,177,0.0536,64
2,2018-01-04T04:40,397,0.0692,69.5
0,2018-01-04T04:45,166,0.0205,69.6
1,2018-01-04T04:45,147,0.0427,64.2
2,2018-01-04T04:45,272,0.0462,70
0,2018-01-04T04:50,162,0.021,70.1
1,2018-01-04T04:50,214,0.0621,64.4
2,2018-01-04T04:50,392,0.071,68.3
0,2018-01-04T04:55,173,0.0215,70.5
1,2018-01-04T04:55,197,0.0547,65
2,2018-01-04T04:55,349,0.0638,67.3
0,2018-01-04T05:00,186,0.0245,69.7
1,2018-01-04T05:00,230,0.0641,71
2,2018-01-04T05:00,359,0.0629,70.8
0,2018-01-04T05:05,178,0.0238,68.9
1,2018-01-04T05:05,183,0.0519,72
2,2018-01-04T05:05,447,0.0842,69.8
0,2018-01-04T05:10,208,0.0256,69.5
1,2018-01-04T05:10,218,0.0663,70.2
2,2018-01-04T05:10,488,0.0923,69.1
0,2018-01-04T05:15,171,0.0209,69.8
1,2018-01-04T05:15,277,0.0851,68.9
2,2018-01-04T05:15,510,0.1095,65.3
0,2018-01-04T05:20,199,0.0265,69.2
1,2018-01-04T05:20,264,0.0775,69.9
2,2018-01-04T05:20,560,0.1123,65.4
0,2018-01-04T05:25,223,0.0296,69.1
1,2018-01-04T05:25,343,0.1158,66.8
2,2018-01-04T05:25,450,0.0921,64.7
0,2018-01-04T05:30,218,0.0278,69.2
1,2018-01-04T05:30,396,0.1217,67.3
2,2018-01-04T05:30,539,0.1162,62.5
0,2018-01-04T05:35,192,0.0249,69.9
1,2018-01-04T05:35,336,0.1035,67.4
2,2018-01-04T05:35,472,0.096,63.4
0,2018-01-04T05:40,246,0.0318,69.3
1,2018-01-04T05:40,449,0.1371,67.6
2,2018-01-04T05:40,567,0.1168,63.4
0,2018-01-04T05:45,285,0.0372,69
1,2018-01-04T05:45,436,0.1267,69.5
2,2018-01-04T05:45,437,0.1008,60.3
0,2018-01-04T05:50,238,0.0311,69.8
1,2018-01-04T05:50,323,0.1066,66.2
2,2018-01-04T05:50,376,0.0794,61.4
0,2018-01-04T05:55,245,0.0318,69.9
1,2018-01-04T05:55,425,0.1396,64.7
2,2018-01-04T05:55,545,0.1223,60
0,2018-01-04T06:00,233,0.0301,70.1
1,2018-01-04T06:00,431,0.1369,60.5
2,2018-01-04T06:00,503,0.1135,57.4
0,2018-01-04T06:05,254,0.033,69.8
1,2018-01-04T06:05,401,0.133,57.4
2,2018-01-04T06:05,548,0.1177,57.4
0,2018-01-04T06:10,278,0.0382,69.3
1,2018-01-04T06:10,365,0.115,57.4
2,2018-01-04T06:10,454,0.0978,57
0,2018-01-04T06:15,260,0.0343,69.5
1,2018-01-04T06:15,301,0.0965,56.7
2,2018-01-04T06:15,446,0.1005,56.2
0,2018-01-04T06:20,325,0.0436,69.3
1,2018-01-04T06:20,168,0.0546,56.7
2,2018-01-04T06:20,516,0.1125,56.5
0,2018-01-04T06:25,318,0.0429,69.6
1,2018-01-04T06:25,292,0.0822,60.3
2,2018-01-04T06:25,524,0.1114,57.2
0,2018-01-04T06:30,330,0.0436,69.7
1,2018-01-04T06:30,316,0.0979,58.9
2,2018-01-04T06:30,470,0.0969,58.6
0,2018-01-04T06:35,350,0.0488,68
1,2018-01-04T06:35,315,0.0985,58.4
2,2018-01-04T06:35,390,0.0819,58.7
0,2018-01-04T06:40,351,0.0483,68.5
1,2018-01-04T06:40,386,0.1169,58.8
2,2018-01-04T06:40,531,0.1118,58.6
0,2018-01-04T06:45,387,0.0539,68.2
1,2018-01-04T06:45,398,0.1231,58.1
2,2018-01-04T06:45,533,0.1132,58.3
0,2018-01-04T06:50,402,0.0578,67.3
1,2018-01-04T06:50,410,0.1311,57.1
2,2018-01-04T06:50,515,0.1057,59.4
0,2018-01-04T06:55,407,0.0548,68.7
1,2018-01-04T06:55,477,0.1572,55.6
2,2018-01-04T06:55,440,0.0944,58.6
0,2018-01-04T07:00,417,0.0579,68.1
1,2018-01-04T07:00,464,0.1552,54.7
2,2018-01-04T07:00,354,0.0751,58.3
0,2018-01-04T07:05,454,0.0624,68.4
1,2018-01-04T07:05,418,0.1455,53.3
2,2018-01-04T07:05,348,0.0727,58.5
0,2018-01-04T07:10,469,0.066,68
1,2018-01-04T07:10,470,0.1676,51.6
2,2018-01-04T07:10,457,0.0937,59.4
0,2018-01-04T07:15,524,0.0754,67.1
1,2018-01-04T07:15,487,0.1731,51
2,2018-01-04T07:15,456,0.0968,59.2
0,2018-01-04T07:20,468,0.0644,67.4
1,2018-01-04T07:20,443,0.1511,51.9
2,2018-01-04T07:20,378,0.0787,58.9
0,2018-01-04T07:25,557,0.0793,67
1,2018-01-04T07:25,428,0.1839,47.4
2,2018-01-04T07:25,469,0.0955,59.6
0,2018-01-04T07:30,513,0.0728,66.9
1,2018-01-04T07:30,489,0.1654,50.3
2,2018-01-04T07:30,534,0.1031,61.8
0,2018-01-04T07:35,458,0.0648,67.2
1,2018-01-04T07:35,447,0.1697,49
2,2018-01-04T07:35,504,0.1026,61.4
0,2018-01-04T07:40,454,0.0658,66.5
1,2018-01-04T07:40,427,0.1345,53.1
2,2018-01-04T07:40,459,0.1005,58.7
0,2018-01-04T07:45,423,0.0613,66
1,2018-01-04T07:45,297,0.091,56.2
2,2018-01-04T07:45,377,0.0834,57.3
0,2018-01-04T07:50,390,0.0539,66.9
1,2018-01-04T07:50,387,0.1187,57.4
2,2018-01-04T07:50,430,0.0956,56.6
0,2018-01-04T07:55,411,0.0581,67
1,2018-01-04T07:55,331,0.0967,59.4
2,2018-01-04T07:55,458,0.1059,56
0,2018-01-04T08:00,427,0.0588,67.2
1,2018-01-04T08:00,377,0.1132,59.8
2,2018-01-04T08:00,436,0.0978,55
0,2018-01-04T08:05,390,0.0554,66.5
1,2018-01-04T08:05,241,0.0738,59.3
2,2018-01-04T08:05,254,0.0494,59.2
0,2018-01-04T08:10,374,0.0525,66.5
1,2018-01-04T08:10,372,0.1102,60.2
2,2018-01-04T08:10,542,0.1176,57.9
0,2018-01-04T08:15,459,0.0647,66.7
1,2018-01-04T08:15,381,0.1187,59.1
2,2018-01-04T08:15,369,0.0887,54.5
0,2018-01-04T08:20,416,0.0584,67.2
1,2018-01-04T08:20,338,0.1044,58.6
2,2018-01-04T08:20,461,0.099,55.6
0,2018-01-04T08:25,380,0.0561,65.9
1,2018-01-04T08:25,316,0.0986,58.2
2,2018-01-04T08:25,368,0.0759,57.6
0,2018-01-04T08:30,352,0.0626,60.7
1,2018-01-04T08:30,454,0.1417,58.1
2,2018-01-04T08:30,539,0.1202,56.8
0,2018-01-04T08:35,311,0.0433,64
1,2018-01-04T08:35,425,0.1312,58.3
2,2018-01-04T08:35,453,0.096,57.5
0,2018-01-04T08:40,351,0.0477,66.4
1,2018-01-04T08:40,415,0.1228,59.2
2,2018-01-04T08:40,443,0.0868,59.9
0,2018-01-04T08:45,336,0.0453,67.9
1,2018-01-04T08:45,386,0.1188,58.8
2,2018-01-04T08:45,379,0.0754,60.7
0,2018-01-04T08:50,376,0.0514,68.4
1,2018-01-04T08:50,357,0.1044,60.1
2,2018-01-04T08:50,392,0.0811,60.2
0,2018-01-04T08:55,339,0.0449,69.7
1,2018-01-04T08:55,401,0.1261,58.6
2,2018-01-04T08:55,361,0.0729,60.6
0,2018-01-04T09:00,311,0.042,69.2
1,2018-01-04T09:00,306,0.0954,58.6
2,2018-01-04T09:00,391,0.0733,62.9
0,2018-01-04T09:05,369,0.0503,69.1
1,2018-01-04T09:05,401,0.123,58.7
2,2018-01-04T09:05,300,0.0597,62.6
0,2018-01-04T09:10,301,0.0399,69.1
1,2018-01-04T09:10,413,0.1612,52.6
2,2018-01-04T09:10,259,0.0538,60.8
0,2018-01-04T09:15,319,0.0426,69.6
1,2018-01-04T09:15,311,0.0911,57
2,2018-01-04T09:15,341,0.0743,59.2
0,2018-01-04T09:20,372,0.0503,69.2
1,2018-01-04T09:20,422,0.1366,56.4
2,2018-01-04T09:20,405,0.077,62.2
0,2018-01-04T09:25,360,0.048,68.8
1,2018-01-04T09:25,429,0.1211,59.9
2,2018-01-04T09:25,435,0.0917,60.8
0,2018-01-04T09:30,356,0.0468,69.8
1,2018-01-04T09:30,401,0.1228,59.6
2,2018-01-04T09:30,379,0.0734,62.3
0,2018-01-04T09:35,401,0.0774,63.5
1,2018-01-04T09:35,316,0.0965,59.2
2,2018-01-04T09:35,313,0.0684,59.5
0,2018-01-04T09:40,343,0.0473,65.8
1,2018-01-04T09:40,402,0.1228,59.1
2,2018-01-04T09:40,387,0.0802,59.8
0,2018-01-04T09:45,407,0.0561,66.8
1,2018-01-04T09:45,349,0.103,60.2
2,2018-01-04T09:45,353,0.0683,62.1
0,2018-01-04T09:50,379,0.0518,67.4
1,2018-01-04T09:50,389,0.1565,54.5
2,2018-01-04T09:50,450,0.0995,59.4
0,2018-01-04T09:55,341,0.045,68.2
1,2018-01-04T09:55,328,0.0957,58.1
2,2018-01-04T09:55,386,0.0794,60.3
0,2018-01-04T10:00,323,0.0427,68.7
1,2018-01-04T10:00,319,0.0927,60.4
2,2018-01-04T10:00,439,0.0888,61.2
0,2018-01-04T10:05,394,0.0509,70.2
1,2018-01-04T10:05,286,0.0861,60
2,2018-01-04T10:05,326,0.0714,60.6
0,2018-01-04T10:10,355,0.0469,70.5
1,2018-01-04T10:10,272,0.078,61.4
2,2018-01-04T10:10,411,0.0793,62.4
0,2018-01-04T10:15,339,0.0453,70
1,2018-01-04T10:15,317,0.096,60.7
2,2018-01-04T10:15,476,0.0976,62.1
0,2018-01-04T10:20,310,0.0406,70.1
1,2018-01-04T10:20,360,0.1088,60.1
2,2018-01-04T10:20,323,0.0647,62.2
0,2018-01-04T10:25,353,0.0483,69
1,2018-01-04T10:25,291,0.089,59.8
2,2018-01-04T10:25,330,0.0613,64.4
0,2018-01-04T10:30,368,0.0714,63.8
1,2018-01-04T10:30,344,0.1325,54.6
2,2018-01-04T10:30,226,0.0458,63.5
0,2018-01-04T10:35,363,0.0493,65.8
1,2018-01-04T10:35,308,0.0855,59.8
2,2018-01-04T10:35,215,0.0417,63.7
0,2018-01-04T10:40,261,0.0363,66.2
1,2018-01-04T10:40,269,0.0748,61.9
2,2018-01-04T10:40,286,0.057,64.2
0,2018-01-04T10:45,280,0.0376,67.9
1,2018-01-04T10:45,275,0.0803,61.7
2,2018-01-04T10:45,267,0.0569,62.5
0,2018-01-04T10:50,349,0.0458,68.9
1,2018-01-04T10:50,251,0.0757,61.1
2,2018-01-04T10:50,489,0.1086,60.1
0,2018-01-04T10:55,341,0.0444,69.2
1,2018-01-04T10:55,257,0.0779,60.1
2,2018-01-04T10:55,356,0.0724,60.5
0,2018-01-04T11:00,258,0.0349,68.5
1,2018-01-04T11:00,248,0.0725,61.2
2,2018-01-04T11:00,313,0.0633,61.5
0,2018-01-04T11:05,226,0.0292,69.4
1,2018-01-04T11:05,266,0.0754,62.1
2,2018-01-04T11:05,336,0.0649,62.8
0,2018-01-04T11:10,334,0.0439,69.8
1,2018-01-04T11:10,248,0.0744,61.9
2,2018-01-04T11:10,285,0.0571,63.1
0,2018-01-04T11:15,314,0.0416,69.5
1,2018-01-04T11:15,235,0.0688,61.8
2,2018-01-04T11:15,397,0.0774,63.7
0,2018-01-04T11:20,308,0.0406,69.3
1,2018-01-04T11:20,244,0.0763,59.9
2,2018-01-04T11:20,198,0.0365,64.7
0,2018-01-04T11:25,304,0.0406,68.8
1,2018-01-04T11:25,253,0.0743,60.7
2,2018-01-04T11:25,266,0.0518,64.6
0,2018-01-04T11:30,336,0.0502,66.6
1,2018-01-04T11:30,255,0.0778,59.8
2,2018-01-04T11:30,271,0.0542,63.7
0,2018-01-04T11:35,312,0.0411,68.2
1,2018-01-04T11:35,206,0.0666,58.5
2,2018-01-04T11:35,427,0.0829,64.6
0,2018-01-04T11:40,326,0.0429,69
1,2018-01-04T11:40,224,0.067,59.5
2,2018-01-04T11:40,337,0.0611,66.4
0,2018-01-04T11:45,348,0.0461,68.9
1,2018-01-04T11:45,211,0.0562,62.3
2,2018-01-04T11:45,403,0.0852,62.8
0,2018-01-04T11:50,367,0.0718,63.4
1,2018-01-04T11:50,238,0.0704,62.1
2,2018-01-04T11:50,412,0.0813,63
0,2018-01-04T11:55,241,0.0306,67.1
1,2018-01-04T11:55,202,0.0612,60.9
2,2018-01-04T11:55,313,0.0628,63
0,2018-01-04T12:00,219,0.0291,68.2
1,2018-01-04T12:00,230,0.0676,61.5
2,2018-01-04T12:00,307,0.0621,62.8
0,2018-01-04T12:05,283,0.0377,68.7
1,2018-01-04T12:05,183,0.0511,63
2,2018-01-04T12:05,177,0.0357,62.5
0,2018-01-04T12:10,311,0.0409,69
1,2018-01-04T12:10,215,0.0651,61.3
2,2018-01-04T12:10,323,0.0675,61.3
0,2018-01-04T12:15,336,0.0448,69.1
1,2018-01-04T12:15,236,0.0687,61.9
2,2018-01-04T12:15,245,0.0478,62
0,2018-01-04T12:20,253,0.0334,69.5
1,2018-01-04T12:20,235,0.0686,62
2,2018-01-04T12:20,351,0.0683,63.1
0,2018-01-04T12:25,319,0.0411,70.1
1,2018-01-04T12:25,213,0.0647,61
2,2018-01-04T12:25,247,0.0476,63.1
0,2018-01-04T12:30,353,0.0473,69.4
1,2018-01-04T12:30,180,0.0501,62.6
2,2018-01-04T12:30,326,0.0646,62.9
0,2018-01-04T12:35,317,0.0431,68.7
1,2018-01-04T12:35,233,0.064,64.9
2,2018-01-04T12:35,410,0.0787,63.5
0,2018-01-04T12:40,272,0.0361,69
1,2018-01-04T12:40,227,0.0665,63
2,2018-01-04T12:40,477,0.0958,62.4
0,2018-01-04T12:45,360,0.0474,69.6
1,2018-01-04T12:45,194,0.0569,62.4
2,2018-01-04T12:45,351,0.0737,60.5
0,2018-01-04T12:50,343,0.0439,70.5
1,2018-01-04T12:50,181,0.0523,62.4
2,2018-01-04T12:50,307,0.0636,60.1
0,2018-01-04T12:55,264,0.0349,69.8
1,2018-01-04T12:55,227,0.0592,65.8
2,2018-01-04T12:55,391,0.0832,59.1
0,2018-01-04T13:00,249,0.0329,69.5
1,2018-01-04T13:00,158,0.0452,63.7
2,2018-01-04T13:00,223,0.0427,61.1
0,2018-01-04T13:05,287,0.0388,69.2
1,2018-01-04T13:05,186,0.0517,64.4
2,2018-01-04T13:05,366,0.0691,63.1
0,2018-01-04T13:10,313,0.0413,68.8
1,2018-01-04T13:10,198,0.054,65
2,2018-01-04T13:10,393,0.0762,63.2
0,2018-01-04T13:15,331,0.0436,68.9
1,2018-01-04T13:15,220,0.0591,65.7
2,2018-01-04T13:15,371,0.0736,62.9
0,2018-01-04T13:20,253,0.034,68.6
1,2018-01-04T13:20,241,0.0704,64.2
2,2018-01-04T13:20,416,0.0841,61.5
0,2018-01-04T13:25,221,0.0296,68.5
1,2018-01-04T13:25,219,0.0589,65.1
2,2018-01-04T13:25,413,0.0824,61.7
0,2018-01-04T13:30,363,0.0484,68.8
1,2018-01-04T13:30,246,0.0664,66.2
2,2018-01-04T13:30,354,0.0683,62.5
0,2018-01-04T13:35,320,0.0446,67.6
1,2018-01-04T13:35,173,0.0424,68.8
2,2018-01-04T13:35,257,0.0546,60.5
0,2018-01-04T13:40,358,0.0498,67.3
1,2018-01-04T13:40,270,0.07,68.5
2,2018-01-04T13:40,325,0.0606,63.3
0,2018-01-04T13:45,273,0.0372,68.1
1,2018-01-04T13:45,186,0.0518,66.5
2,2018-01-04T13:45,387,0.0747,63.1
0,2018-01-04T13:50,331,0.0436,68.3
1,2018-01-04T13:50,212,0.0582,65.7
2,2018-01-04T13:50,309,0.0563,64.9
0,2018-01-04T13:55,343,0.0475,68.1
1,2018-01-04T13:55,190,0.0537,64.6
2,2018-01-04T13:55,387,0.07,66.5
0,2018-01-04T14:00,366,0.0501,67.4
1,2018-01-04T14:00,219,0.0582,65.7
2,2018-01-04T14:00,400,0.0745,66
0,2018-01-04T14:05,295,0.04,67.7
1,2018-01-04T14:05,193,0.0538,64.9
2,2018-01-04T14:05,148,0.0262,67.4
0,2018-01-04T14:10,336,0.0446,68.1
1,2018-01-04T14:10,193,0.0521,65.6
2,2018-01-04T14:10,290,0.0556,65.8
0,2018-01-04T14:15,342,0.0464,68
1,2018-01-04T14:15,213,0.0557,66.6
2,2018-01-04T14:15,386,0.0692,67.1
0,2018-01-04T14:20,309,0.0415,68.1
1,2018-01-04T14:20,221,0.0595,66.4
2,2018-01-04T14:20,315,0.0606,65.1
0,2018-01-04T14:25,381,0.0508,68.6
1,2018-01-04T14:25,230,0.062,66.7
2,2018-01-04T14:25,244,0.0473,64.3
0,2018-01-04T14:30,355,0.0475,68.6
1,2018-01-04T14:30,149,0.0407,65.9
2,2018-01-04T14:30,211,0.0386,65.7
0,2018-01-04T14:35,343,0.0458,68.4
1,2018-01-04T14:35,230,0.0643,65.2
2,2018-01-04T14:35,403,0.0773,64.3
0,2018-01-04T14:40,359,0.0477,69.2
1,2018-01-04T14:40,219,0.0592,65.6
2,2018-01-04T14:40,231,0.0426,65.1
0,2018-01-04T14:45,299,0.0408,68.1
1,2018-01-04T14:45,211,0.0585,65.1
2,2018-01-04T14:45,438,0.0828,64.8
0,2018-01-04T14:50,278,0.0379,68.4
1,2018-01-04T14:50,205,0.0539,66.1
2,2018-01-04T14:50,428,0.0784,65.6
0,2018-01-04T14:55,327,0.0436,68.5
1,2018-01-04T14:55,217,0.0613,64.9
2,2018-01-04T14:55,394,0.074,65.2
0,2018-01-04T15:00,351,0.0464,69
1,2018-01-04T15:00,174,0.047,65.3
2,2018-01-04T15:00,224,0.0406,65.9
0,2018-01-04T15:05,377,0.0498,69.1
1,2018-01-04T15:05,179,0.0485,65.9
2,2018-01-04T15:05,233,0.0419,66.3
0,2018-01-04T15:10,347,0.046,68.6
1,2018-01-04T15:10,236,0.063,66.2
2,2018-01-04T15:10,227,0.0433,65.6
0,2018-01-04T15:15,360,0.0469,68.9
1,2018-01-04T15:15,197,0.0537,65.5
2,2018-01-04T15:15,332,0.0581,67.5
0,2018-01-04T15:20,372,0.0486,68.9
1,2018-01-04T15:20,204,0.0565,64.9
2,2018-01-04T15:20,359,0.0685,66
0,2018-01-04T15:25,348,0.0462,69.1
1,2018-01-04T15:25,181,0.0519,63.6
2,2018-01-04T15:25,334,0.0628,65.4
0,2018-01-04T15:30,353,0.0477,68.7
1,2018-01-04T15:30,213,0.0576,65.1
2,2018-01-04T15:30,325,0.0603,65.7
0,2018-01-04T15:35,356,0.0474,68.8
1,2018-01-04T15:35,164,0.0474,63.4
2,2018-01-04T15:35,349,0.0642,65.7
0,2018-01-04T15:40,385,0.0532,67.8
1,2018-01-04T15:40,207,0.0547,66.3
2,2018-01-04T15:40,377,0.0688,66.4
0,2018-01-04T15:45,472,0.0644,67.8
1,2018-01-04T15:45,222,0.0591,66
2,2018-01-04T15:45,410,0.0745,67
0,2018-01-04T15:50,355,0.0466,68.5
1,2018-01-04T15:50,250,0.069,65.5
2,2018-01-04T15:50,249,0.0452,67
0,2018-01-04T15:55,395,0.0523,68.9
1,2018-01-04T15:55,213,0.0555,66.7
2,2018-01-04T15:55,274,0.0501,66.7
0,2018-01-04T16:00,349,0.0448,70
1,2018-01-04T16:00,202,0.0528,67.2
2,2018-01-04T16:00,320,0.059,66.6
0,2018-01-04T16:05,363,0.0492,69.1
1,2018-01-04T16:05,212,0.0596,65.5
2,2018-01-04T16:05,299,0.0549,66.7
0,2018-01-04T16:10,317,0.042,69.7
1,2018-01-04T16:10,235,0.0651,65.1
2,2018-01-04T16:10,354,0.0644,67
0,2018-01-04T16:15,353,0.0472,69.1
1,2018-01-04T16:15,205,0.0529,66.7
2,2018-01-04T16:15,276,0.0495,67.7
0,2018-01-04T16:20,338,0.0452,69
1,2018-01-04T16:20,235,0.0604,67.9
2,2018-01-04T16:20,382,0.068,68.2
0,2018-01-04T16:25,407,0.0566,68.1
1,2018-01-04T16:25,298,0.0788,67.5
2,2018-01-04T16:25,287,0.0517,68.2
0,2018-01-04T16:30,402,0.056,67.5
1,2018-01-04T16:30,248,0.0642,67.7
2,2018-01-04T16:30,301,0.0518,69.2
0,2018-01-04T16:35,359,0.0495,67.3
1,2018-01-04T16:35,254,0.0682,66.9
2,2018-01-04T16:35,290,0.0518,68.9
0,2018-01-04T16:40,424,0.058,67.6
1,2018-01-04T16:40,242,0.065,66.3
2,2018-01-04T16:40,300,0.0538,68.4
0,2018-01-04T16:45,417,0.0584,67.1
1,2018-01-04T16:45,239,0.0659,65.4
2,2018-01-04T16:45,303,0.0553,67.9
0,2018-01-04T16:50,391,0.0532,67.8
1,2018-01-04T16:50,283,0.0751,66.3
2,2018-01-04T16:50,358,0.0682,66.1
0,2018-01-04T16:55,369,0.05,67.7
1,2018-01-04T16:55,270,0.1012,59.1
2,2018-01-04T16:55,232,0.0446,65.1
0,2018-01-04T17:00,388,0.0508,69
1,2018-01-04T17:00,233,0.0621,62
2,2018-01-04T17:00,207,0.0364,67.3
0,2018-01-04T17:05,423,0.0579,68.3
1,2018-01-04T17:05,234,0.0653,63.6
2,2018-01-04T17:05,275,0.0532,65.5
0,2018-01-04T17:10,381,0.0515,68.6
1,2018-01-04T17:10,262,0.0738,63
2,2018-01-04T17:10,322,0.0625,64.3
0,2018-01-04T17:15,398,0.055,68.1
1,2018-01-04T17:15,247,0.066,64.4
2,2018-01-04T17:15,366,0.0692,64.7
0,2018-01-04T17:20,413,0.0584,66.9
1,2018-01-04T17:20,282,0.0774,64.7
2,2018-01-04T17:20,320,0.0609,64.5
0,2018-01-04T17:25,336,0.0475,66.1
1,2018-01-04T17:25,274,0.0774,63.5
2,2018-01-04T17:25,206,0.0384,64.9
0,2018-01-04T17:30,366,0.052,65.8
1,2018-01-04T17:30,297,0.0899,61.1
2,2018-01-04T17:30,289,0.0528,66.2
0,2018-01-04T17:35,312,0.0439,66.1
1,2018-01-04T17:35,270,0.0723,63.4
2,2018-01-04T17:35,268,0.0497,66.3
0,2018-01-04T17:40,407,0.0571,66.1
1,2018-01-04T17:40,218,0.0619,62.8
2,2018-01-04T17:40,229,0.0457,64.4
0,2018-01-04T17:45,382,0.0538,66.2
1,2018-01-04T17:45,275,0.0783,62.5
2,2018-01-04T17:45,182,0.0364,63.5
0,2018-01-04T17:50,373,0.0544,65.3
1,2018-01-04T17:50,235,0.0709,60.5
2,2018-01-04T17:50,302,0.0579,64
0,2018-01-04T17:55,291,0.0646,59.2
1,2018-01-04T17:55,200,0.0549,62.2
2,2018-01-04T17:55,220,0.0407,65
0,2018-01-04T18:00,352,0.0478,63.2
1,2018-01-04T18:00,215,0.0614,61.8
2,2018-01-04T18:00,207,0.0435,62.3
0,2018-01-04T18:05,336,0.0469,65
1,2018-01-04T18:05,247,0.0746,60.4
2,2018-01-04T18:05,215,0.0406,64.4
0,2018-01-04T18:10,357,0.048,66.6
1,2018-01-04T18:10,272,0.0781,60.5
2,2018-01-04T18:10,295,0.0564,64.6
0,2018-01-04T18:15,257,0.0359,66.5
1,2018-01-04T18:15,263,0.0723,61.9
2,2018-01-04T18:15,147,0.0278,65.4
0,2018-01-04T18:20,405,0.0572,66.5
1,2018-01-04T18:20,235,0.0636,63.8
2,2018-01-04T18:20,288,0.054,65.8
0,2018-01-04T18:25,368,0.0513,66.2
1,2018-01-04T18:25,279,0.0777,63.6
2,2018-01-04T18:25,247,0.0484,64.6
0,2018-01-04T18:30,308,0.0432,65.8
1,2018-01-04T18:30,232,0.0669,62.2
2,2018-01-04T18:30,153,0.0285,65.8
0,2018-01-04T18:35,303,0.0457,63.7
1,2018-01-04T18:35,267,0.0715,63.9
2,2018-01-04T18:35,251,0.0468,66.2
0,2018-01-04T18:40,322,0.0459,64.8
1,2018-01-04T18:40,230,0.066,62.7
2,2018-01-04T18:40,296,0.0535,67.4
0,2018-01-04T18:45,298,0.0424,65.2
1,2018-01-04T18:45,149,0.043,62.2
2,2018-01-04T18:45,244,0.0471,66
0,2018-01-04T18:50,321,0.0516,62.5
1,2018-01-04T18:50,209,0.0604,61.9
2,2018-01-04T18:50,191,0.034,67.8
0,2018-01-04T18:55,354,0.0489,64.5
1,2018-01-04T18:55,188,0.0519,62.8
2,2018-01-04T18:55,204,0.0376,67.4
0,2018-01-04T19:00,259,0.0352,66.8
1,2018-01-04T19:00,138,0.0375,64.5
2,2018-01-04T19:00,271,0.0479,68.5
0,2018-01-04T19:05,269,0.0365,68.5
1,2018-01-04T19:05,188,0.0533,64.6
2,2018-01-04T19:05,202,0.0349,69.4
0,2018-01-04T19:10,277,0.0387,67.3
1,2018-01-04T19:10,192,0.0507,66.3
2,2018-01-04T19:10,198,0.0377,67.5
0,2018-01-04T19:15,216,0.0287,68.7
1,2018-01-04T19:15,178,0.0779,61.6
2,2018-01-04T19:15,107,0.0207,67.1
0,2018-01-04T19:20,274,0.0374,68.4
1,2018-01-04T19:20,186,0.0496,64.4
2,2018-01-04T19:20,272,0.0498,67
0,2018-01-04T19:25,275,0.0366,69
1,2018-01-04T19:25,172,0.0481,65.4
2,2018-01-04T19:25,200,0.0354,68.2
0,2018-01-04T19:30,224,0.0308,68.9
1,2018-01-04T19:30,152,0.0437,64.9
2,2018-01-04T19:30,155,0.0277,68.4
0,2018-01-04T19:35,277,0.0371,69.2
1,2018-01-04T19:35,157,0.0449,64.2
2,2018-01-04T19:35,243,0.0442,68
0,2018-01-04T19:40,221,0.029,69.2
1,2018-01-04T19:40,149,0.0412,64.7
2,2018-01-04T19:40,222,0.0379,69
0,2018-01-04T19:45,227,0.0297,69.4
1,2018-01-04T19:45,132,0.0349,66.9
2,2018-01-04T19:45,211,0.0371,69.2
0,2018-01-04T19:50,235,0.031,69.8
1,2018-01-04T19:50,141,0.0399,65
2,2018-01-04T19:50,186,0.035,67.6
0,2018-01-04T19:55,219,0.0306,67.9
1,2018-01-04T19:55,133,0.0344,67.7
2,2018-01-04T19:55,146,0.0276,67.4
0,2018-01-04T20:00,250,0.0327,69.5
1,2018-01-04T20:00,155,0.041,67.3
2,2018-01-04T20:00,169,0.0288,69.2
0,2018-01-04T20:05,207,0.0267,69.2
1,2018-01-04T20:05,147,0.0367,69.2
2,2018-01-04T20:05,142,0.0248,69.2
0,2018-01-04T20:10,196,0.0256,68.9
1,2018-01-04T20:10,121,0.0306,70.1
2,2018-01-04T20:10,181,0.0332,68
0,2018-01-04T20:15,204,0.0307,65.6
1,2018-01-04T20:15,105,0.0318,64.7
2,2018-01-04T20:15,237,0.042,68.4
0,2018-01-04T20:20,226,0.0348,64.4
1,2018-01-04T20:20,125,0.0329,66.8
2,2018-01-04T20:20,199,0.0352,68.5
0,2018-01-04T20:25,183,0.0243,66.7
1,2018-01-04T20:25,125,0.0344,66.2
2,2018-01-04T20:25,122,0.0204,69.4
0,2018-01-04T20:30,189,0.0244,68.2
1,2018-01-04T20:30,145,0.0369,67.9
2,2018-01-04T20:30,57,0.0096,68.9
0,2018-01-04T20:35,201,0.0276,67
1,2018-01-04T20:35,116,0.0322,66.4
2,2018-01-04T20:35,220,0.0381,69.5
0,2018-01-04T20:40,225,0.0295,67.5
1,2018-01-04T20:40,114,0.0311,66
2,2018-01-04T20:40,190,0.0365,66.9
0,2018-01-04T20:45,171,0.022,68.4
1,2018-01-04T20:45,132,0.0326,68.5
2,2018-01-04T20:45,218,0.0358,69.4
0,2018-01-04T20:50,175,0.023,68.4
1,2018-01-04T20:50,113,0.0289,68.7
2,2018-01-04T20:50,171,0.0292,69.6
0,2018-01-04T20:55,160,0.021,68.4
1,2018-01-04T20:55,122,0.0309,69.3
2,2018-01-04T20:55,162,0.0279,70
0,2018-01-04T21:00,138,0.0174,68.8
1,2018-01-04T21:00,112,0.0271,70.9
2,2018-01-04T21:00,132,0.0222,69.8
0,2018-01-04T21:05,176,0.0233,68.4
1,2018-01-04T21:05,79,0.022,67
2,2018-01-04T21:05,161,0.029,68.9
0,2018-01-04T21:10,222,0.0278,69
1,2018-01-04T21:10,137,0.0355,67.8
2,2018-01-04T21:10,174,0.0305,69.6
0,2018-01-04T21:15,180,0.0228,69
1,2018-01-04T21:15,126,0.0306,69.7
2,2018-01-04T21:15,213,0.0387,67.9
0,2018-01-04T21:20,167,0.0218,69
1,2018-01-04T21:20,106,0.031,65.3
2,2018-01-04T21:20,149,0.0279,66.6
0,2018-01-04T21:25,189,0.0255,67.7
1,2018-01-04T21:25,135,0.0364,65.6
2,2018-01-04T21:25,180,0.0354,64.7
0,2018-01-04T21:30,156,0.0209,68.2
1,2018-01-04T21:30,129,0.0325,67.3
2,2018-01-04T21:30,123,0.0249,64.8
0,2018-01-04T21:35,111,0.0146,67.6
1,2018-01-04T21:35,93,0.0255,66.1
2,2018-01-04T21:35,159,0.0308,64.1
0,2018-01-04T21:40,153,0.0204,67.6
1,2018-01-04T21:40,128,0.0331,68.4
2,2018-01-04T21:40,139,0.0268,65.1
0,2018-01-04T21:45,169,0.022,67.9
1,2018-01-04T21:45,106,0.0277,67.3
2,2018-01-04T21:45,122,0.0232,65.4
0,2018-01-04T21:50,174,0.0241,67.6
1,2018-01-04T21:50,83,0.0228,66.6
2,2018-01-04T21:50,153,0.0269,66.9
0,2018-01-04T21:55,157,0.0303,62.6
1,2018-01-04T21:55,112,0.0273,68.7
2,2018-01-04T21:55,194,0.0392,64.1
0,2018-01-04T22:00,145,0.0188,65.3
1,2018-01-04T22:00,83,0.058,60.4
2,2018-01-04T22:00,121,0.0255,63.7
0,2018-01-04T22:05,172,0.0224,67.6
1,2018-01-04T22:05,79,0.0211,61.3
2,2018-01-04T22:05,153,0.0278,65.5
0,2018-01-04T22:10,184,0.025,66.4
1,2018-01-04T22:10,119,0.0285,67.1
2,2018-01-04T22:10,217,0.0422,64.2
0,2018-01-04T22:15,188,0.0237,67.5
1,2018-01-04T22:15,76,0.0204,66.2
2,2018-01-04T22:15,151,0.0276,65.8
0,2018-01-04T22:20,160,0.0201,68.5
1,2018-01-04T22:20,85,0.0209,67.6
2,2018-01-04T22:20,173,0.0306,66.8
0,2018-01-04T22:25,149,0.0187,69
1,2018-01-04T22:25,75,0.0212,66.3
2,2018-01-04T22:25,144,0.0269,66.9
0,2018-01-04T22:30,162,0.021,68
1,2018-01-04T22:30,95,0.0253,67.6
2,2018-01-04T22:30,146,0.0315,64.1
0,2018-01-04T22:35,147,0.0191,68.8
1,2018-01-04T22:35,138,0.0306,73.2
2,2018-01-04T22:35,136,0.0259,65
0,2018-01-04T22:40,168,0.0221,69.1
1,2018-01-04T22:40,85,0.0218,70.2
2,2018-01-04T22:40,157,0.0286,65.4
0,2018-01-04T22:45,132,0.0169,69.5
1,2018-01-04T22:45,92,0.0207,71.1
2,2018-01-04T22:45,174,0.031,67
0,2018-01-04T22:50,166,0.0206,69.3
1,2018-01-04T22:50,126,0.0278,74.4
2,2018-01-04T22:50,151,0.0291,66.1
0,2018-01-04T22:55,120,0.0149,68.9
1,2018-01-04T22:55,104,0.0243,74.5
2,2018-01-04T22:55,104,0.0187,67.4
0,2018-01-04T23:00,144,0.0187,68.2
1,2018-01-04T23:00,84,0.02,71.1
2,2018-01-04T23:00,117,0.0237,65.4
0,2018-01-04T23:05,113,0.0151,68
1,2018-01-04T23:05,83,0.0194,69.6
2,2018-01-04T23:05,97,0.02,65.3
0,2018-01-04T23:10,95,0.0122,68.6
1,2018-01-04T23:10,55,0.014,68.3
2,2018-01-04T23:10,110,0.0217,64.9
0,2018-01-04T23:15,116,0.0151,67.3
1,2018-01-04T23:15,51,0.0134,67.2
2,2018-01-04T23:15,122,0.0214,66.1
0,2018-01-04T23:20,107,0.0132,67.9
1,2018-01-04T23:20,53,0.0144,65.2
2,2018-01-04T23:20,113,0.0235,64.6
0,2018-01-04T23:25,114,0.0145,67.2
1,2018-01-04T23:25,54,0.015,65.4
2,2018-01-04T23:25,116,0.0207,66.2
0,2018-01-04T23:30,105,0.0141,66.9
1,2018-01-04T23:30,75,0.0171,67.7
2,2018-01-04T23:30,77,0.0161,65.5
0,2018-01-04T23:35,77,0.0095,67.6
1,2018-01-04T23:35,48,0.0129,66.4
2,2018-01-04T23:35,105,0.0191,67.3
0,2018-01-04T23:40,55,0.031,58.2
1,2018-01-04T23:40,48,0.0124,66.9
2,2018-01-04T23:40,102,0.0183,67.3
0,2018-01-04T23:45,104,0.013,63.6
1,2018-01-04T23:45,48,0.0104,68.1
2,2018-01-04T23:45,91,0.0165,67.3
0,2018-01-04T23:50,103,0.0127,65.5
1,2018-01-04T23:50,66,0.0198,65.4
2,2018-01-04T23:50,78,0.0144,68.1
0,2018-01-04T23:55,99,0.0372,58.5
1,2018-01-04T23:55,57,0.0121,67.7
2,2018-01-04T23:55,59,0.0101,68.7
0,2018-01-05T00:00,73,0.0087,66.5
1,2018-01-05T00:00,56,0.0116,68.7
2,2018-01-05T00:00,68,0.0129,68.3
0,2018-01-05T00:05,73,0.0086,67.9
1,2018-01-05T00:05,56,0.0132,68.8
2,2018-01-05T00:05,62,0.012,68.3
0,2018-01-05T00:10,74,0.0093,68.4
1,2018-01-05T00:10,35,0.0078,68.4
2,2018-01-05T00:10,61,0.0124,69
0,2018-01-05T00:15,68,0.0093,67.7
1,2018-01-05T00:15,61,0.013,71.1
2,2018-01-05T00:15,83,0.0162,68.3
0,2018-01-05T00:20,77,0.0094,68
1,2018-01-05T00:20,48,0.0116,69
2,2018-01-05T00:20,74,0.015,68.2
0,2018-01-05T00:25,56,0.0074,68.2
1,2018-01-05T00:25,39,0.0094,67.4
2,2018-01-05T00:25,70,0.0154,67
0,2018-01-05T00:30,59,0.0078,68.3
1,2018-01-05T00:30,58,0.0145,70.3
2,2018-01-05T00:30,73,0.0144,67.1
0,2018-01-05T00:35,51,0.0071,67.1
1,2018-01-05T00:35,50,0.0105,71.1
2,2018-01-05T00:35,64,0.0156,66.1
0,2018-01-05T00:40,55,0.0074,68.1
1,2018-01-05T00:40,27,0.0084,67.9
2,2018-01-05T00:40,53,0.0103,66.8
0,2018-01-05T00:45,60,0.0079,68.7
1,2018-01-05T00:45,33,0.0072,68.1
2,2018-01-05T00:45,65,0.0135,67.8
0,2018-01-05T00:50,44,0.0058,68
1,2018-01-05T00:50,44,0.0079,70.6
2,2018-01-05T00:50,53,0.0119,66.6
0,2018-01-05T00:55,63,0.0078,67.6
1,2018-01-05T00:55,30,0.0078,68.2
2,2018-01-05T00:55,62,0.0117,67.3
0,2018-01-05T01:00,37,0.005,67.5
1,2018-01-05T01:00,55,0.0135,68.5
2,2018-01-05T01:00,53,0.0119,67.4
0,2018-01-05T01:05,44,0.0061,68
1,2018-01-05T01:05,34,0.0063,69.4
2,2018-01-05T01:05,55,0.0114,67.6
0,2018-01-05T01:10,48,0.0063,67.8
1,2018-01-05T01:10,56,0.0096,71
2,2018-01-05T01:10,75,0.014,67.5
0,2018-01-05T01:15,46,0.0059,67.6
1,2018-01-05T01:15,24,0.0074,68.1
2,2018-01-05T01:15,58,0.0125,67.5
0,2018-01-05T01:20,62,0.0076,66.4
1,2018-01-05T01:20,28,0.0068,67.9
2,2018-01-05T01:20,48,0.0095,68.5
0,2018-01-05T01:25,50,0.0063,66.7
1,2018-01-05T01:25,25,0.0056,68.8
2,2018-01-05T01:25,55,0.0138,65.3
0,2018-01-05T01:30,27,0.0032,68.1
1,2018-01-05T01:30,52,0.0119,68.5
2,2018-01-05T01:30,56,0.013,67.4
0,2018-01-05T01:35,32,0.0044,68
1,2018-01-05T01:35,61,0.01,71.8
2,2018-01-05T01:35,65,0.0162,65.6
0,2018-01-05T01:40,47,0.0055,66.5
1,2018-01-05T01:40,50,0.0097,71.3
2,2018-01-05T01:40,64,0.0112,67.2
0,2018-01-05T01:45,37,0.0046,67.9
1,2018-01-05T01:45,31,0.0074,69.2
2,2018-01-05T01:45,50,0.0103,68.5
0,2018-01-05T01:50,36,0.0047,66.5
1,2018-01-05T01:50,58,0.0105,70.6
2,2018-01-05T01:50,59,0.0114,69.1
0,2018-01-05T01:55,51,0.006,65.9
1,2018-01-05T01:55,34,0.009,69.6
2,2018-01-05T01:55,62,0.0116,68.8
0,2018-01-05T02:00,31,0.0034,67.3
1,2018-01-05T02:00,25,0.0078,66.3
2,2018-01-05T02:00,56,0.0112,68.4
0,2018-01-05T02:05,43,0.0046,66
1,2018-01-05T02:05,38,0.0087,68.3
2,2018-01-05T02:05,48,0.0089,68.9
0,2018-01-05T02:10,38,0.0046,68.3
1,2018-01-05T02:10,30,0.0059,68.5
2,2018-01-05T02:10,52,0.0137,67.1
0,2018-01-05T02:15,43,0.005,66.3
1,2018-01-05T02:15,24,0.0069,66.8
2,2018-01-05T02:15,62,0.0133,67.2
0,2018-01-05T02:20,25,0.0031,67.7
1,2018-01-05T02:20,52,0.008,71.2
2,2018-01-05T02:20,52,0.0126,66.3
0,2018-01-05T02:25,50,0.0066,65.7
1,2018-01-05T02:25,30,0.0064,69.9
2,2018-01-05T02:25,48,0.0108,67.4
0,2018-01-05T02:30,32,0.0043,67.5
1,2018-01-05T02:30,30,0.0061,69.6
2,2018-01-05T02:30,59,0.0133,67.1
0,2018-01-05T02:35,34,0.0044,68.9
1,2018-01-05T02:35,63,0.0137,69.7
2,2018-01-05T02:35,71,0.0166,66.5
0,2018-01-05T02:40,50,0.0058,67.4
1,2018-01-05T02:40,42,0.0114,66.7
2,2018-01-05T02:40,55,0.01,67.8
0,2018-01-05T02:45,40,0.0047,67.3
1,2018-01-05T02:45,35,0.0092,66.6
2,2018-01-05T02:45,84,0.0174,67.5
0,2018-01-05T02:50,32,0.0039,68
1,2018-01-05T02:50,55,0.0118,69.4
2,2018-01-05T02:50,73,0.0144,67.9
0,2018-01-05T02:55,34,0.0048,68.8
1,2018-01-05T02:55,37,0.0073,68.7
2,2018-01-05T02:55,75,0.0135,68.9
0,2018-01-05T03:00,32,0.0036,66.1
1,2018-01-05T03:00,46,0.011,68.2
2,2018-01-05T03:00,55,0.0119,68.1
0,2018-01-05T03:05,27,0.0035,68.9
1,2018-01-05T03:05,36,0.0113,66.9
2,2018-01-05T03:05,69,0.015,67.1
0,2018-01-05T03:10,34,0.0039,67.5
1,2018-01-05T03:10,55,0.0134,68.5
2,2018-01-05T03:10,75,0.0155,67.6
0,2018-01-05T03:15,43,0.0049,67.6
1,2018-01-05T03:15,52,0.0101,70.5
2,2018-01-05T03:15,81,0.0164,68.3
0,2018-01-05T03:20,42,0.006,68.1
1,2018-01-05T03:20,45,0.0117,69.2
2,2018-01-05T03:20,102,0.0198,67.9
0,2018-01-05T03:25,46,0.0057,68
1,2018-01-05T03:25,58,0.0145,68.8
2,2018-01-05T03:25,98,0.0177,69.6
0,2018-01-05T03:30,41,0.005,69.4
1,2018-01-05T03:30,68,0.0196,66.2
2,2018-01-05T03:30,110,0.0243,66.2
0,2018-01-05T03:35,65,0.0078,68.8
1,2018-01-05T03:35,75,0.0194,66.7
2,2018-01-05T03:35,136,0.0248,67.9
0,2018-01-05T03:40,64,0.0078,67.6
1,2018-01-05T03:40,71,0.0187,66.9
2,2018-01-05T03:40,128,0.026,66.8
0,2018-01-05T03:45,62,0.0078,69.6
1,2018-01-05T03:45,87,0.0233,67.1
2,2018-01-05T03:45,129,0.0232,67.7
0,2018-01-05T03:50,60,0.0078,68.2
1,2018-01-05T03:50,74,0.0164,68.7
2,2018-01-05T03:50,165,0.0313,67.8
0,2018-01-05T03:55,70,0.0083,68.1
1,2018-01-05T03:55,88,0.0239,67.6
2,2018-01-05T03:55,148,0.025,69.7
0,2018-01-05T04:00,49,0.0055,69
1,2018-01-05T04:00,77,0.0235,64.7
2,2018-01-05T04:00,133,0.026,68.3
0,2018-01-05T04:05,83,0.0103,69.3
1,2018-01-05T04:05,74,0.019,66.7
2,2018-01-05T04:05,158,0.0285,68.1
0,2018-01-05T04:10,100,0.0122,69.8
1,2018-01-05T04:10,91,0.0265,66.3
2,2018-01-05T04:10,215,0.0356,70.4
0,2018-01-05T04:15,104,0.0135,68.7
1,2018-01-05T04:15,116,0.0299,67.6
2,2018-01-05T04:15,180,0.0316,71
0,2018-01-05T04:20,96,0.0116,69.7
1,2018-01-05T04:20,109,0.0339,63.9
2,2018-01-05T04:20,231,0.0415,70.3
0,2018-01-05T04:25,122,0.0146,69.1
1,2018-01-05T04:25,132,0.0323,68.7
2,2018-01-05T04:25,255,0.0444,70.3
0,2018-01-05T04:30,125,0.0156,69.9
1,2018-01-05T04:30,138,0.0376,68.6
2,2018-01-05T04:30,279,0.0498,69.2
0,2018-01-05T04:35,165,0.0209,69.9
1,2018-01-05T04:35,171,0.0562,63.2
2,2018-01-05T04:35,350,0.0588,71.4
0,2018-01-05T04:40,145,0.0185,70.1
1,2018-01-05T04:40,163,0.0467,63.5
2,2018-01-05T04:40,310,0.053,70.8
0,2018-01-05T04:45,180,0.023,70
1,2018-01-05T04:45,153,0.044,64.4
2,2018-01-05T04:45,280,0.0478,70.6
0,2018-01-05T04:50,149,0.0189,69.9
1,2018-01-05T04:50,168,0.0508,63
2,2018-01-05T04:50,361,0.0631,69.7
0,2018-01-05T04:55,143,0.0185,69.6
1,2018-01-05T04:55,194,0.0612,61
2,2018-01-05T04:55,379,0.0674,68.8
0,2018-01-05T05:00,163,0.0207,69.5
1,2018-01-05T05:00,153,0.0417,67.9
2,2018-01-05T05:00,429,0.0733,72.1
0,2018-01-05T05:05,208,0.0281,68.2
1,2018-01-05T05:05,208,0.0658,68.2
2,2018-01-05T05:05,329,0.0614,70.6
0,2018-01-05T05:10,176,0.0524,63.1
1,2018-01-05T05:10,210,0.0577,71.5
2,2018-01-05T05:10,543,0.101,69.9
0,2018-01-05T05:15,194,0.0245,66.8
1,2018-01-05T05:15,281,0.0812,71.3
2,2018-01-05T05:15,450,0.0876,68.3
0,2018-01-05T05:20,184,0.0234,68.5
1,2018-01-05T05:20,267,0.0789,70.2
2,2018-01-05T05:20,535,0.1013,68.4
0,2018-01-05T05:25,212,0.0283,67.7
1,2018-01-05T05:25,287,0.0804,71.6
2,2018-01-05T05:25,419,0.0798,68.4
0,2018-01-05T05:30,203,0.0287,67.9
1,2018-01-05T05:30,374,0.1085,70.8
2,2018-01-05T05:30,442,0.086,67.4
0,2018-01-05T05:35,236,0.0302,68.4
1,2018-01-05T05:35,390,0.1158,69.8
2,2018-01-05T05:35,545,0.1104,65.7
0,2018-01-05T05:40,251,0.0332,68.5
1,2018-01-05T05:40,455,0.1725,63.8
2,2018-01-05T05:40,606,0.1181,66.1
0,2018-01-05T05:45,251,0.032,68.8
1,2018-01-05T05:45,370,0.1053,67.8
2,2018-01-05T05:45,514,0.0968,67.5
0,2018-01-05T05:50,262,0.0338,69.8
1,2018-01-05T05:50,443,0.1441,65.7
2,2018-01-05T05:50,339,0.0691,65.7
0,2018-01-05T05:55,188,0.0247,69.1
1,2018-01-05T05:55,394,0.1233,65.8
2,2018-01-05T05:55,394,0.0808,64.8
0,2018-01-05T06:00,221,0.0302,68.9
1,2018-01-05T06:00,432,0.1391,60.9
2,2018-01-05T06:00,452,0.0908,62.5
0,2018-01-05T06:05,230,0.0292,68.9
1,2018-01-05T06:05,395,0.1306,57.8
2,2018-01-05T06:05,450,0.0866,62.8
0,2018-01-05T06:10,266,0.0352,68.7
1,2018-01-05T06:10,478,0.1621,55.7
2,2018-01-05T06:10,534,0.1087,61.2
0,2018-01-05T06:15,297,0.0397,68.4
1,2018-01-05T06:15,394,0.1368,54
2,2018-01-05T06:15,428,0.0869,60.4
0,2018-01-05T06:20,297,0.0385,69
1,2018-01-05T06:20,414,0.1574,50.9
2,2018-01-05T06:20,537,0.1076,61
0,2018-01-05T06:25,292,0.0407,67.9
1,2018-01-05T06:25,446,0.1586,51.3
2,2018-01-05T06:25,397,0.0833,59.1
0,2018-01-05T06:30,322,0.043,68.5
1,2018-01-05T06:30,444,0.15,52.3
2,2018-01-05T06:30,405,0.0817,59.9
0,2018-01-05T06:35,352,0.0484,67.5
1,2018-01-05T06:35,315,0.1057,52.9
2,2018-01-05T06:35,372,0.0812,58.1
0,2018-01-05T06:40,383,0.0516,67.5
1,2018-01-05T06:40,416,0.1512,51.6
2,2018-01-05T06:40,420,0.089,57.8
0,2018-01-05T06:45,429,0.0579,67.8
1,2018-01-05T06:45,397,0.1237,54.3
2,2018-01-05T06:45,322,0.0646,59.2
0,2018-01-05T06:50,415,0.0579,67.2
1,2018-01-05T06:50,321,0.1058,54.6
2,2018-01-05T06:50,348,0.0714,59.4
0,2018-01-05T06:55,393,0.0548,66.8
1,2018-01-05T06:55,362,0.1156,55.4
2,2018-01-05T06:55,414,0.0906,57.4
0,2018-01-05T07:00,392,0.0526,68
1,2018-01-05T07:00,272,0.0839,56.8
2,2018-01-05T07:00,453,0.1047,55.4
0,2018-01-05T07:05,356,0.0474,69.2
1,2018-01-05T07:05,353,0.1208,54.7
2,2018-01-05T07:05,296,0.0663,55
0,2018-01-05T07:10,387,0.0541,68.2
1,2018-01-05T07:10,392,0.1373,53.1
2,2018-01-05T07:10,297,0.0678,54.6
0,2018-01-05T07:15,484,0.0679,67.6
1,2018-01-05T07:15,384,0.1338,53.1
2,2018-01-05T07:15,461,0.0982,55.8
0,2018-01-05T07:20,526,0.0751,66.9
1,2018-01-05T07:20,372,0.1223,53.8
2,2018-01-05T07:20,487,0.107,55.9
0,2018-01-05T07:25,486,0.0667,67.6
1,2018-01-05T07:25,362,0.1177,54.4
2,2018-01-05T07:25,425,0.0924,55.6
0,2018-01-05T07:30,452,0.0603,68.3
1,2018-01-05T07:30,353,0.1132,55.4
2,2018-01-05T07:30,516,0.113,55.8
0,2018-01-05T07:35,486,0.0666,68.4
1,2018-01-05T07:35,309,0.1122,52.6
2,2018-01-05T07:35,469,0.1036,56
0,2018-01-05T07:40,404,0.0572,67.4
1,2018-01-05T07:40,297,0.1105,50.6
2,2018-01-05T07:40,410,0.1011,52.7
0,2018-01-05T07:45,418,0.0574,67.9
1,2018-01-05T07:45,390,0.1237,53.3
2,2018-01-05T07:45,449,0.1009,54.1
0,2018-01-05T07:50,496,0.0694,67.7
1,2018-01-05T07:50,379,0.1341,53.3
2,2018-01-05T07:50,374,0.0776,56.3
0,2018-01-05T07:55,380,0.0527,67.4
1,2018-01-05T07:55,337,0.1069,55.3
2,2018-01-05T07:55,503,0.1086,56.4
0,2018-01-05T08:00,371,0.0507,68.1
1,2018-01-05T08:00,358,0.119,55
2,2018-01-05T08:00,418,0.0941,55.5
0,2018-01-05T08:05,496,0.0682,68.1
1,2018-01-05T08:05,336,0.1073,55.7
2,2018-01-05T08:05,315,0.0781,52.9
0,2018-01-05T08:10,448,0.0612,68.1
1,2018-01-05T08:10,335,0.1005,58.1
2,2018-01-05T08:10,444,0.1057,51.6
0,2018-01-05T08:15,432,0.0613,67.4
1,2018-01-05T08:15,327,0.0982,59.1
2,2018-01-05T08:15,457,0.1134,50.6
0,2018-01-05T08:20,475,0.0648,67.8
1,2018-01-05T08:20,240,0.0702,60.1
2,2018-01-05T08:20,396,0.093,51.4
0,2018-01-05T08:25,478,0.0634,68.7
1,2018-01-05T08:25,443,0.1531,56.1
2,2018-01-05T08:25,428,0.105,50.8
0,2018-01-05T08:30,428,0.0591,68.2
1,2018-01-05T08:30,431,0.1444,55.2
2,2018-01-05T08:30,446,0.107,51.3
0,2018-01-05T08:35,428,0.06,67.8
1,2018-01-05T08:35,330,0.1004,57.2
2,2018-01-05T08:35,517,0.1202,51.9
0,2018-01-05T08:40,416,0.0587,67.1
1,2018-01-05T08:40,360,0.1139,57.4
2,2018-01-05T08:40,301,0.0872,47.1
0,2018-01-05T08:45,454,0.0663,65.9
1,2018-01-05T08:45,384,0.1263,56.1
2,2018-01-05T08:45,472,0.1683,41
0,2018-01-05T08:50,350,0.0517,65.1
1,2018-01-05T08:50,430,0.1693,52
2,2018-01-05T08:50,419,0.1503,38.5
0,2018-01-05T08:55,417,0.059,65.6
1,2018-01-05T08:55,405,0.1169,57.1
2,2018-01-05T08:55,182,0.0742,35.6
0,2018-01-05T09:00,344,0.0533,64.9
1,2018-01-05T09:00,312,0.095,58
2,2018-01-05T09:00,406,0.1628,33.3
0,2018-01-05T09:05,369,0.0513,65.1
1,2018-01-05T09:05,249,0.0775,58.4
2,2018-01-05T09:05,267,0.0893,35.4
0,2018-01-05T09:10,402,0.0543,67
1,2018-01-05T09:10,383,0.1301,56.4
2,2018-01-05T09:10,378,0.0909,43.2
0,2018-01-05T09:15,328,0.045,67.6
1,2018-01-05T09:15,286,0.0925,56.4
2,2018-01-05T09:15,386,0.0777,51.5
0,2018-01-05T09:20,328,0.045,67.7
1,2018-01-05T09:20,384,0.17,49.5
2,2018-01-05T09:20,216,0.046,54.6
0,2018-01-05T09:25,320,0.0445,66.9
1,2018-01-05T09:25,365,0.1179,52.4
2,2018-01-05T09:25,317,0.0724,54.7
0,2018-01-05T09:30,383,0.0511,67.6
1,2018-01-05T09:30,366,0.1426,49.5
2,2018-01-05T09:30,333,0.0733,55
0,2018-01-05T09:35,385,0.0507,68.6
1,2018-01-05T09:35,338,0.1145,51.6
2,2018-01-05T09:35,314,0.0667,56.8
0,2018-01-05T09:40,456,0.061,68.7
1,2018-01-05T09:40,292,0.0955,53.8
2,2018-01-05T09:40,414,0.0881,57.2
0,2018-01-05T09:45,380,0.0508,68.7
1,2018-01-05T09:45,324,0.1109,53
2,2018-01-05T09:45,416,0.0882,57.4
0,2018-01-05T09:50,356,0.0508,67.1
1,2018-01-05T09:50,385,0.1281,53.8
2,2018-01-05T09:50,382,0.0882,55.5
0,2018-01-05T09:55,361,0.0509,66.2
1,2018-01-05T09:55,313,0.098,56.1
2,2018-01-05T09:55,409,0.0884,56.1
0,2018-01-05T10:00,328,0.0471,65.4
1,2018-01-05T10:00,265,0.0805,58
2,2018-01-05T10:00,278,0.0616,57.1
0,2018-01-05T10:05,371,0.0535,64.5
1,2018-01-05T10:05,284,0.085,58.9
2,2018-01-05T10:05,246,0.0498,58.4
0,2018-01-05T10:10,322,0.045,65
1,2018-01-05T10:10,232,0.0725,58.4
2,2018-01-05T10:10,310,0.0666,57.5
0,2018-01-05T10:15,371,0.0509,65.9
1,2018-01-05T10:15,316,0.0943,59.9
2,2018-01-05T10:15,321,0.0741,55.7
0,2018-01-05T10:20,349,0.0501,65
1,2018-01-05T10:20,281,0.0908,58
2,2018-01-05T10:20,189,0.0384,57.8
0,2018-01-05T10:25,335,0.0462,65.7
1,2018-01-05T10:25,261,0.0678,63.6
2,2018-01-05T10:25,375,0.0751,59.6
0,2018-01-05T10:30,392,0.0568,64.8
1,2018-01-05T10:30,257,0.0819,59.6
2,2018-01-05T10:30,276,0.0569,59.2
0,2018-01-05T10:35,313,0.0466,64.1
1,2018-01-05T10:35,179,0.0566,58.7
2,2018-01-05T10:35,394,0.0765,60.5
0,2018-01-05T10:40,306,0.0648,54
1,2018-01-05T10:40,230,0.0756,57.2
2,2018-01-05T10:40,333,0.0718,59.7
0,2018-01-05T10:45,356,0.0508,59.2
1,2018-01-05T10:45,266,0.0792,58.7
2,2018-01-05T10:45,318,0.0645,59.5
0,2018-01-05T10:50,346,0.0525,60.3
1,2018-01-05T10:50,260,0.0856,56.7
2,2018-01-05T10:50,383,0.0794,59.5
0,2018-01-05T10:55,359,0.0547,60.4
1,2018-01-05T10:55,158,0.0476,58.4
2,2018-01-05T10:55,420,0.0905,58.6
0,2018-01-05T11:00,287,0.0412,62.2
1,2018-01-05T11:00,252,0.076,59.2
2,2018-01-05T11:00,351,0.0769,56.8
0,2018-01-05T11:05,381,0.054,63.7
1,2018-01-05T11:05,259,0.0777,59.5
2,2018-01-05T11:05,392,0.0789,58.7
0,2018-01-05T11:10,382,0.0529,64.7
1,2018-01-05T11:10,163,0.0522,58.4
2,2018-01-05T11:10,376,0.0774,58.8
0,2018-01-05T11:15,311,0.0447,64.5
1,2018-01-05T11:15,245,0.0751,58.5
2,2018-01-05T11:15,339,0.0706,59.2
0,2018-01-05T11:20,352,0.0496,65.2
1,2018-01-05T11:20,163,0.0492,59
2,2018-01-05T11:20,215,0.0458,58.5
0,2018-01-05T11:25,327,0.0431,66.7
1,2018-01-05T11:25,274,0.086,58.6
2,2018-01-05T11:25,311,0.0631,59.7
0,2018-01-05T11:30,296,0.0402,67.1
1,2018-01-05T11:30,239,0.0719,59.1
2,2018-01-05T11:30,375,0.0801,58.1
0,2018-01-05T11:35,302,0.0425,65.9
1,2018-01-05T11:35,228,0.0679,59.8
2,2018-01-05T11:35,197,0.0396,60
0,2018-01-05T11:40,314,0.053,63.2
1,2018-01-05T11:40,198,0.0627,58.4
2,2018-01-05T11:40,392,0.0807,59.7
0,2018-01-05T11:45,282,0.0387,64.4
1,2018-01-05T11:45,232,0.0707,58.6
2,2018-01-05T11:45,376,0.0782,59
0,2018-01-05T11:50,371,0.0534,64.4
1,2018-01-05T11:50,261,0.079,59.6
2,2018-01-05T11:50,368,0.0778,58.7
0,2018-01-05T11:55,366,0.0508,65.1
1,2018-01-05T11:55,214,0.0639,59.8
2,2018-01-05T11:55,340,0.0719,57.8
0,2018-01-05T12:00,326,0.0461,65
1,2018-01-05T12:00,239,0.0663,61.6
2,2018-01-05T12:00,344,0.0701,59.3
0,2018-01-05T12:05,318,0.0454,64.5
1,2018-01-05T12:05,188,0.0571,60.6
2,2018-01-05T12:05,259,0.0484,61.5
0,2018-01-05T12:10,360,0.0528,63.7
1,2018-01-05T12:10,205,0.0603,60.9
2,2018-01-05T12:10,282,0.0563,61.1
0,2018-01-05T12:15,322,0.0462,63.4
1,2018-01-05T12:15,226,0.0691,59.8
2,2018-01-05T12:15,300,0.067,58.1
0,2018-01-05T12:20,376,0.0539,63.8
1,2018-01-05T12:20,228,0.0665,60.6
2,2018-01-05T12:20,250,0.0536,57.4
0,2018-01-05T12:25,314,0.0469,63
1,2018-01-05T12:25,206,0.0626,60.4
2,2018-01-05T12:25,380,0.0787,57.8
0,2018-01-05T12:30,314,0.0436,64.1
1,2018-01-05T12:30,217,0.0685,59.2
2,2018-01-05T12:30,165,0.0307,61.7
0,2018-01-05T12:35,365,0.0539,63.5
1,2018-01-05T12:35,221,0.0684,58.8
2,2018-01-05T12:35,248,0.049,61.6
0,2018-01-05T12:40,326,0.048,63
1,2018-01-05T12:40,179,0.0516,60.3
2,2018-01-05T12:40,338,0.0658,62
0,2018-01-05T12:45,339,0.0491,63.7
1,2018-01-05T12:45,246,0.0758,59.3
2,2018-01-05T12:45,273,0.0592,59.3
0,2018-01-05T12:50,325,0.0456,64.4
1,2018-01-05T12:50,281,0.0898,57.9
2,2018-01-05T12:50,275,0.0533,61
0,2018-01-05T12:55,364,0.0522,64.2
1,2018-01-05T12:55,233,0.0726,58.5
2,2018-01-05T12:55,400,0.0824,60.1
0,2018-01-05T13:00,306,0.0447,64.1
1,2018-01-05T13:00,187,0.0566,58.3
2,2018-01-05T13:00,309,0.0636,59.9
0,2018-01-05T13:05,299,0.0432,64.1
1,2018-01-05T13:05,207,0.0624,58.8
2,2018-01-05T13:05,377,0.0745,60.8
0,2018-01-05T13:10,390,0.0559,64
1,2018-01-05T13:10,242,0.0714,60
2,2018-01-05T13:10,291,0.056,62.3
0,2018-01-05T13:15,366,0.053,64.1
1,2018-01-05T13:15,243,0.0692,61.4
2,2018-01-05T13:15,385,0.0771,61.5
0,2018-01-05T13:20,278,0.0415,63.7
1,2018-01-05T13:20,213,0.064,60.6
2,2018-01-05T13:20,371,0.0785,59.9
0,2018-01-05T13:25,377,0.0553,63.4
1,2018-01-05T13:25,241,0.0742,59.7
2,2018-01-05T13:25,266,0.0479,63
0,2018-01-05T13:30,340,0.0506,63.1
1,2018-01-05T13:30,232,0.0672,60.9
2,2018-01-05T13:30,412,0.083,61.6
0,2018-01-05T13:35,331,0.0491,62.5
1,2018-01-05T13:35,219,0.0656,60.7
2,2018-01-05T13:35,283,0.0548,62.2
0,2018-01-05T13:40,310,0.0453,63.1
1,2018-01-05T13:40,223,0.0666,60.2
2,2018-01-05T13:40,280,0.0553,62.1
0,2018-01-05T13:45,330,0.0474,63.7
1,2018-01-05T13:45,259,0.0801,59.2
2,2018-01-05T13:45,374,0.0735,62.1
0,2018-01-05T13:50,371,0.0568,62.4
1,2018-01-05T13:50,146,0.044,59.2
2,2018-01-05T13:50,371,0.072,62.4
0,2018-01-05T13:55,372,0.0549,62.8
1,2018-01-05T13:55,193,0.0626,56.9
2,2018-01-05T13:55,293,0.0546,63.5
0,2018-01-05T14:00,285,0.0406,63.9
1,2018-01-05T14:00,200,0.0565,60
2,2018-01-05T14:00,303,0.0569,64.6
0,2018-01-05T14:05,344,0.0491,63.9
1,2018-01-05T14:05,189,0.0541,61.4
2,2018-01-05T14:05,300,0.0556,64.6
0,2018-01-05T14:10,287,0.0412,63.8
1,2018-01-05T14:10,206,0.0886,54.3
2,2018-01-05T14:10,261,0.0572,60.7
0,2018-01-05T14:15,369,0.051,64.9
1,2018-01-05T14:15,225,0.0648,57.9
2,2018-01-05T14:15,395,0.0763,61.7
0,2018-01-05T14:20,344,0.0494,65
1,2018-01-05T14:20,224,0.0681,58.5
2,2018-01-05T14:20,247,0.045,63.9
0,2018-01-05T14:25,390,0.0561,64.4
1,2018-01-05T14:25,221,0.0655,59.9
2,2018-01-05T14:25,321,0.0572,65.7
0,2018-01-05T14:30,360,0.0497,65.6
1,2018-01-05T14:30,245,0.0632,63.9
2,2018-01-05T14:30,358,0.0699,64.4
0,2018-01-05T14:35,377,0.0515,66.3
1,2018-01-05T14:35,187,0.0507,65.3
2,2018-01-05T14:35,192,0.0354,64.4
0,2018-01-05T14:40,351,0.0499,65.7
1,2018-01-05T14:40,263,0.085,61.2
2,2018-01-05T14:40,168,0.0301,65.5
0,2018-01-05T14:45,407,0.0577,65.2
1,2018-01-05T14:45,260,0.0709,63.4
2,2018-01-05T14:45,164,0.0311,65.3
0,2018-01-05T14:50,391,0.0542,66.1
1,2018-01-05T14:50,216,0.0594,64.3
2,2018-01-05T14:50,198,0.0351,66.6
0,2018-01-05T14:55,318,0.043,66.9
1,2018-01-05T14:55,230,0.0675,62.5
2,2018-01-05T14:55,163,0.0281,67.9
0,2018-01-05T15:00,349,0.0472,67.2
1,2018-01-05T15:00,184,0.0524,62.4
2,2018-01-05T15:00,221,0.0363,70.4
0,2018-01-05T15:05,367,0.0505,67.4
1,2018-01-05T15:05,229,0.0657,62.5
2,2018-01-05T15:05,159,0.0288,68.4
0,2018-01-05T15:10,385,0.0523,67.5
1,2018-01-05T15:10,210,0.057,63.7
2,2018-01-05T15:10,135,0.0254,67.2
0,2018-01-05T15:15,274,0.0373,68
1,2018-01-05T15:15,230,0.064,63.6
2,2018-01-05T15:15,218,0.0384,68
0,2018-01-05T15:20,348,0.0474,67.1
1,2018-01-05T15:20,254,0.0693,64.6
2,2018-01-05T15:20,223,0.0421,66.6
0,2018-01-05T15:25,313,0.0427,67.4
1,2018-01-05T15:25,209,0.062,62
2,2018-01-05T15:25,193,0.0334,68.1
0,2018-01-05T15:30,334,0.0452,67.6
1,2018-01-05T15:30,209,0.0634,60.3
2,2018-01-05T15:30,278,0.0527,66.1
0,2018-01-05T15:35,408,0.0569,66.8
1,2018-01-05T15:35,200,0.0608,59.2
2,2018-01-05T15:35,316,0.0684,61
0,2018-01-05T15:40,423,0.058,67.1
1,2018-01-05T15:40,243,0.075,58.5
2,2018-01-05T15:40,269,0.0548,60.2
0,2018-01-05T15:45,319,0.0439,67.1
1,2018-01-05T15:45,241,0.0723,59.2
2,2018-01-05T15:45,397,0.0846,58.5
0,2018-01-05T15:50,320,0.0435,67.5
1,2018-01-05T15:50,183,0.0526,60.3
2,2018-01-05T15:50,394,0.0824,58.1
0,2018-01-05T15:55,370,0.0496,67.8
1,2018-01-05T15:55,203,0.0606,59.8
2,2018-01-05T15:55,318,0.0664,58
0,2018-01-05T16:00,343,0.0464,67.1
1,2018-01-05T16:00,233,0.0647,61.6
2,2018-01-05T16:00,452,0.0995,56.9
0,2018-01-05T16:05,379,0.052,66.4
1,2018-01-05T16:05,199,0.0525,64.3
2,2018-01-05T16:05,332,0.0683,57.6
0,2018-01-05T16:10,326,0.0438,66.8
1,2018-01-05T16:10,211,0.0593,63.6
2,2018-01-05T16:10,249,0.044,62.7
0,2018-01-05T16:15,374,0.0503,67.3
1,2018-01-05T16:15,234,0.0649,64
2,2018-01-05T16:15,344,0.0635,64.2
0,2018-01-05T16:20,384,0.0521,66.7
1,2018-01-05T16:20,207,0.0584,63.5
2,2018-01-05T16:20,300,0.0541,65.4
0,2018-01-05T16:25,362,0.0494,66.2
1,2018-01-05T16:25,303,0.0841,64
2,2018-01-05T16:25,277,0.0561,62.9
0,2018-01-05T16:30,384,0.0516,66.6
1,2018-01-05T16:30,219,0.0625,63.2
2,2018-01-05T16:30,420,0.0883,60.3
0,2018-01-05T16:35,346,0.0481,66.1
1,2018-01-05T16:35,226,0.0617,63.8
2,2018-01-05T16:35,254,0.0509,60.6
0,2018-01-05T16:40,359,0.0498,66.3
1,2018-01-05T16:40,183,0.0512,64
2,2018-01-05T16:40,287,0.0552,61.9
0,2018-01-05T16:45,335,0.0466,66.2
1,2018-01-05T16:45,249,0.0728,62.4
2,2018-01-05T16:45,227,0.0413,64.2
0,2018-01-05T16:50,397,0.079,61.1
1,2018-01-05T16:50,214,0.0642,61.1
2,2018-01-05T16:50,237,0.0434,64.9
0,2018-01-05T16:55,371,0.0506,63.1
1,2018-01-05T16:55,235,0.0654,62.2
2,2018-01-05T16:55,317,0.0604,64.3
0,2018-01-05T17:00,371,0.0514,64.7
1,2018-01-05T17:00,249,0.0709,61.9
2,2018-01-05T17:00,181,0.0333,65.3
0,2018-01-05T17:05,398,0.057,64.2
1,2018-01-05T17:05,254,0.0727,62.4
2,2018-01-05T17:05,339,0.0659,64.1
0,2018-01-05T17:10,378,0.0544,63.8
1,2018-01-05T17:10,287,0.0802,62.9
2,2018-01-05T17:10,289,0.0526,65.3
0,2018-01-05T17:15,379,0.0539,63.4
1,2018-01-05T17:15,220,0.0646,61.7
2,2018-01-05T17:15,303,0.0581,64.2
0,2018-01-05T17:20,372,0.0535,63.5
1,2018-01-05T17:20,289,0.0808,62.6
2,2018-01-05T17:20,266,0.0497,64.3
0,2018-01-05T17:25,346,0.0496,63.2
1,2018-01-05T17:25,264,0.0819,60
2,2018-01-05T17:25,205,0.0404,63.3
0,2018-01-05T17:30,389,0.0575,62.8
1,2018-01-05T17:30,209,0.0619,59.9
2,2018-01-05T17:30,377,0.0708,63.9
0,2018-01-05T17:35,377,0.0545,62.7
1,2018-01-05T17:35,229,0.0757,57.1
2,2018-01-05T17:35,283,0.0539,63.6
0,2018-01-05T17:40,314,0.0449,63
1,2018-01-05T17:40,293,0.1181,51.6
2,2018-01-05T17:40,242,0.0445,64.8
0,2018-01-05T17:45,380,0.0544,63.6
1,2018-01-05T17:45,256,0.0794,54.4
2,2018-01-05T17:45,238,0.0454,64.3
0,2018-01-05T17:50,349,0.0523,62.9
1,2018-01-05T17:50,235,0.069,57.7
2,2018-01-05T17:50,278,0.055,63.2
0,2018-01-05T17:55,317,0.0467,62.3
1,2018-01-05T17:55,263,0.0832,56.8
2,2018-01-05T17:55,313,0.0608,63.4
0,2018-01-05T18:00,298,0.0422,63.7
1,2018-01-05T18:00,215,0.0614,59.5
2,2018-01-05T18:00,309,0.0582,63.6
0,2018-01-05T18:05,332,0.0466,64.3
1,2018-01-05T18:05,183,0.0562,58.7
2,2018-01-05T18:05,310,0.0586,63.9
0,2018-01-05T18:10,354,0.0523,63.8
1,2018-01-05T18:10,252,0.0837,56.8
2,2018-01-05T18:10,318,0.0579,65.2
0,2018-01-05T18:15,350,0.0515,63
1,2018-01-05T18:15,199,0.0589,58.9
2,2018-01-05T18:15,226,0.0404,66.3
0,2018-01-05T18:20,322,0.0509,61.1
1,2018-01-05T18:20,267,0.082,58.8
2,2018-01-05T18:20,220,0.0495,60.5
0,2018-01-05T18:25,318,0.0471,62.2
1,2018-01-05T18:25,248,0.0842,56.1
2,2018-01-05T18:25,332,0.0645,61.6
0,2018-01-05T18:30,364,0.0541,62.5
1,2018-01-05T18:30,248,0.0832,55.2
2,2018-01-05T18:30,311,0.0654,59.6
0,2018-01-05T18:35,350,0.0536,61.6
1,2018-01-05T18:35,246,0.0741,57
2,2018-01-05T18:35,293,0.058,60.9
0,2018-01-05T18:40,286,0.0433,61.6
1,2018-01-05T18:40,227,0.0676,58.8
2,2018-01-05T18:40,289,0.0564,61.4
0,2018-01-05T18:45,305,0.045,62.6
1,2018-01-05T18:45,218,0.063,60.5
2,2018-01-05T18:45,159,0.0304,63.6
0,2018-01-05T18:50,307,0.0451,62.8
1,2018-01-05T18:50,245,0.0725,60.2
2,2018-01-05T18:50,323,0.0631,63
0,2018-01-05T18:55,353,0.0521,62.8
1,2018-01-05T18:55,208,0.0676,58
2,2018-01-05T18:55,266,0.0503,64
0,2018-01-05T19:00,262,0.0383,63.7
1,2018-01-05T19:00,148,0.0421,60.3
2,2018-01-05T19:00,303,0.0544,65.4
0,2018-01-05T19:05,289,0.0421,64.6
1,2018-01-05T19:05,185,0.0519,61.9
2,2018-01-05T19:05,246,0.046,65.6
0,2018-01-05T19:10,316,0.0462,65.3
1,2018-01-05T19:10,172,0.0524,60.9
2,2018-01-05T19:10,225,0.0421,65.5
0,2018-01-05T19:15,301,0.0439,65.3
1,2018-01-05T19:15,170,0.0505,61
2,2018-01-05T19:15,299,0.056,65.1
0,2018-01-05T19:20,298,0.0427,65.3
1,2018-01-05T19:20,170,0.0548,58.7
2,2018-01-05T19:20,201,0.0394,64
0,2018-01-05T19:25,288,0.0409,65.5
1,2018-01-05T19:25,199,0.0599,59.2
2,2018-01-05T19:25,231,0.0432,64.5
0,2018-01-05T19:30,273,0.0381,66.1
1,2018-01-05T19:30,158,0.0454,60.8
2,2018-01-05T19:30,269,0.0484,65.8
0,2018-01-05T19:35,259,0.036,67.1
1,2018-01-05T19:35,177,0.0506,62
2,2018-01-05T19:35,228,0.0425,65.9
0,2018-01-05T19:40,283,0.0385,68.1
1,2018-01-05T19:40,193,0.048,67
2,2018-01-05T19:40,262,0.0501,65
0,2018-01-05T19:45,262,0.0368,67.5
1,2018-01-05T19:45,166,0.0481,64.3
2,2018-01-05T19:45,332,0.0611,65.4
0,2018-01-05T19:50,207,0.0301,66.5
1,2018-01-05T19:50,194,0.0519,65.6
2,2018-01-05T19:50,224,0.0415,65.7
0,2018-01-05T19:55,227,0.0306,68.2
1,2018-01-05T19:55,169,0.0454,65.6
2,2018-01-05T19:55,187,0.0336,66.5
0,2018-01-05T20:00,248,0.0331,68.7
1,2018-01-05T20:00,162,0.0423,66.2
2,2018-01-05T20:00,315,0.0575,65.9
0,2018-01-05T20:05,246,0.0333,68.2
1,2018-01-05T20:05,144,0.0415,63.9
2,2018-01-05T20:05,227,0.0387,67.8
0,2018-01-05T20:10,214,0.0531,59.1
1,2018-01-05T20:10,138,0.0413,61.9
2,2018-01-05T20:10,142,0.0244,68.4
0,2018-01-05T20:15,221,0.0296,64.5
1,2018-01-05T20:15,174,0.0462,64
2,2018-01-05T20:15,239,0.0428,67.5
0,2018-01-05T20:20,231,0.0317,66.1
1,2018-01-05T20:20,148,0.0392,65.9
2,2018-01-05T20:20,241,0.0469,64.7
0,2018-01-05T20:25,216,0.0295,66.9
1,2018-01-05T20:25,125,0.0337,66.3
2,2018-01-05T20:25,153,0.0287,64.9
0,2018-01-05T20:30,216,0.0314,66.2
1,2018-01-05T20:30,116,0.0311,66.5
2,2018-01-05T20:30,252,0.0502,63.2
0,2018-01-05T20:35,224,0.0327,64.8
1,2018-01-05T20:35,129,0.0658,55.1
2,2018-01-05T20:35,216,0.0411,63.3
0,2018-01-05T20:40,195,0.0277,65.4
1,2018-01-05T20:40,125,0.0326,60.9
2,2018-01-05T20:40,228,0.0464,61.5
0,2018-01-05T20:45,198,0.0292,65.1
1,2018-01-05T20:45,156,0.0399,64.6
2,2018-01-05T20:45,200,0.0386,62.3
0,2018-01-05T20:50,184,0.0263,64.7
1,2018-01-05T20:50,115,0.0292,65.2
2,2018-01-05T20:50,198,0.0406,61.1
0,2018-01-05T20:55,222,0.0309,66.1
1,2018-01-05T20:55,135,0.0348,66.9
2,2018-01-05T20:55,217,0.0446,60.1
0,2018-01-05T21:00,221,0.0324,64.8
1,2018-01-05T21:00,149,0.0367,69.7
2,2018-01-05T21:00,165,0.0299,62.9
0,2018-01-05T21:05,181,0.0261,64.8
1,2018-01-05T21:05,123,0.0392,62.3
2,2018-01-05T21:05,210,0.0425,61.1
0,2018-01-05T21:10,165,0.0225,65.7
1,2018-01-05T21:10,89,0.0279,60.7
2,2018-01-05T21:10,190,0.0367,61.7
0,2018-01-05T21:15,216,0.03,65.3
1,2018-01-05T21:15,125,0.0391,59.3
2,2018-01-05T21:15,190,0.0371,62.1
0,2018-01-05T21:20,205,0.0294,64.4
1,2018-01-05T21:20,113,0.0329,59.4
2,2018-01-05T21:20,142,0.0276,63.1
0,2018-01-05T21:25,177,0.0284,62.7
1,2018-01-05T21:25,122,0.039,59.5
2,2018-01-05T21:25,187,0.0342,63.8
0,2018-01-05T21:30,211,0.0301,63.3
1,2018-01-05T21:30,102,0.028,61.4
2,2018-01-05T21:30,165,0.0297,65.3
0,2018-01-05T21:35,207,0.0295,63.5
1,2018-01-05T21:35,132,0.0371,62.3
2,2018-01-05T21:35,195,0.0368,64
0,2018-01-05T21:40,199,0.0281,65.1
1,2018-01-05T21:40,106,0.0302,62.8
2,2018-01-05T21:40,194,0.0353,64.6
0,2018-01-05T21:45,195,0.0295,63.7
1,2018-01-05T21:45,125,0.0318,66.3
2,2018-01-05T21:45,161,0.0316,63.2
0,2018-01-05T21:50,165,0.0232,65.2
1,2018-01-05T21:50,117,0.0317,65.9
2,2018-01-05T21:50,106,0.0188,66.1
0,2018-01-05T21:55,197,0.0265,65.9
1,2018-01-05T21:55,131,0.0382,63.9
2,2018-01-05T21:55,164,0.03,65.4
0,2018-01-05T22:00,193,0.0272,65.2
1,2018-01-05T22:00,120,0.03,67.2
2,2018-01-05T22:00,182,0.0333,64.8
0,2018-01-05T22:05,175,0.0244,65.9
1,2018-01-05T22:05,124,0.0311,68.3
2,2018-01-05T22:05,109,0.0225,64.2
0,2018-01-05T22:10,198,0.029,65.3
1,2018-01-05T22:10,93,0.0278,63.6
2,2018-01-05T22:10,146,0.0268,64.7
0,2018-01-05T22:15,229,0.0308,65.8
1,2018-01-05T22:15,106,0.0298,63.4
2,2018-01-05T22:15,201,0.0394,62.6
0,2018-01-05T22:20,191,0.0275,65.7
1,2018-01-05T22:20,116,0.033,62.6
2,2018-01-05T22:20,155,0.0294,63.6
0,2018-01-05T22:25,158,0.022,66.5
1,2018-01-05T22:25,129,0.03,69.7
2,2018-01-05T22:25,177,0.0332,63.9
0,2018-01-05T22:30,179,0.027,64.7
1,2018-01-05T22:30,104,0.0292,66.3
2,2018-01-05T22:30,141,0.0269,63.4
0,2018-01-05T22:35,171,0.0251,64.3
1,2018-01-05T22:35,115,0.0274,70.2
2,2018-01-05T22:35,109,0.0194,65.7
0,2018-01-05T22:40,175,0.0251,65.4
1,2018-01-05T22:40,127,0.0362,65
2,2018-01-05T22:40,106,0.0201,65.5
0,2018-01-05T22:45,189,0.0271,65.1
1,2018-01-05T22:45,87,0.0233,65.3
2,2018-01-05T22:45,161,0.032,63.9
0,2018-01-05T22:50,135,0.0191,66.2
1,2018-01-05T22:50,115,0.0311,65.4
2,2018-01-05T22:50,97,0.019,64
0,2018-01-05T22:55,140,0.0187,67.1
1,2018-01-05T22:55,100,0.0265,66.2
2,2018-01-05T22:55,122,0.0211,66.5
0,2018-01-05T23:00,120,0.0162,67
1,2018-01-05T23:00,73,0.0214,63
2,2018-01-05T23:00,143,0.027,65.4
0,2018-01-05T23:05,139,0.019,66.5
1,2018-01-05T23:05,54,0.0147,63.6
2,2018-01-05T23:05,169,0.0324,64.5
0,2018-01-05T23:10,140,0.0184,66.7
1,2018-01-05T23:10,83,0.0225,64.5
2,2018-01-05T23:10,152,0.0276,64.8
0,2018-01-05T23:15,96,0.0129,66.9
1,2018-01-05T23:15,89,0.0202,67.3
2,2018-01-05T23:15,143,0.0259,65.6
0,2018-01-05T23:20,124,0.0216,61.7
1,2018-01-05T23:20,89,0.0234,67.6
2,2018-01-05T23:20,121,0.023,65.3
0,2018-01-05T23:25,113,0.0146,66.1
1,2018-01-05T23:25,77,0.0199,67.1
2,2018-01-05T23:25,96,0.0174,67.3
0,2018-01-05T23:30,126,0.0168,68
1,2018-01-05T23:30,90,0.0217,68.8
2,2018-01-05T23:30,108,0.0188,67.3
0,2018-01-05T23:35,108,0.0208,62.3
1,2018-01-05T23:35,66,0.0192,64.8
2,2018-01-05T23:35,83,0.0146,69.2
0,2018-01-05T23:40,100,0.0134,67
1,2018-01-05T23:40,90,0.0194,69.9
2,2018-01-05T23:40,147,0.0265,66.8
0,2018-01-05T23:45,116,0.0145,65.2
1,2018-01-05T23:45,87,0.021,70.9
2,2018-01-05T23:45,106,0.0218,63.9
0,2018-01-05T23:50,96,0.0127,67.1
1,2018-01-05T23:50,73,0.0151,73
2,2018-01-05T23:50,113,0.0222,64.4
0,2018-01-05T23:55,107,0.0143,66.9
1,2018-01-05T23:55,70,0.0187,67.6
2,2018-01-05T23:55,96,0.0173,66.1
0,2018-01-06T00:00,90,0.0116,67.9
1,2018-01-06T00:00,46,0.0113,68.3
2,2018-01-06T00:00,79,0.0133,68
0,2018-01-06T00:05,93,0.012,68.9
1,2018-01-06T00:05,76,0.0153,72.3
2,2018-01-06T00:05,123,0.0202,69.4
0,2018-01-06T00:10,89,0.0145,66.3
1,2018-01-06T00:10,54,0.0142,66.7
2,2018-01-06T00:10,77,0.0126,69.1
0,2018-01-06T00:15,106,0.0143,66.3
1,2018-01-06T00:15,59,0.0147,67.5
2,2018-01-06T00:15,95,0.0184,67
0,2018-01-06T00:20,93,0.0124,66.5
1,2018-01-06T00:20,67,0.0162,66.9
2,2018-01-06T00:20,98,0.0188,65.7
0,2018-01-06T00:25,109,0.0143,67.1
1,2018-01-06T00:25,61,0.0169,64.9
2,2018-01-06T00:25,93,0.0191,64.9
0,2018-01-06T00:30,114,0.0162,66.5
1,2018-01-06T00:30,65,0.0147,67.4
2,2018-01-06T00:30,77,0.0148,65.6
0,2018-01-06T00:35,119,0.0152,66.8
1,2018-01-06T00:35,70,0.0179,65.8
2,2018-01-06T00:35,79,0.0146,66.7
0,2018-01-06T00:40,123,0.0163,68.1
1,2018-01-06T00:40,54,0.014,65.7
2,2018-01-06T00:40,87,0.0165,67
0,2018-01-06T00:45,114,0.0148,67.4
1,2018-01-06T00:45,68,0.0167,66.7
2,2018-01-06T00:45,95,0.0188,66.1
0,2018-01-06T00:50,105,0.0136,67.8
1,2018-01-06T00:50,40,0.0103,67.2
2,2018-01-06T00:50,78,0.0142,67.6
0,2018-01-06T00:55,118,0.0165,66.6
1,2018-01-06T00:55,63,0.0145,68.7
2,2018-01-06T00:55,85,0.0174,65.5
0,2018-01-06T01:00,143,0.0185,67.5
1,2018-01-06T01:00,35,0.008,68.5
2,2018-01-06T01:00,73,0.013,66.8
0,2018-01-06T01:05,109,0.0139,67.4
1,2018-01-06T01:05,35,0.0115,66.5
2,2018-01-06T01:05,71,0.0141,67.1
0,2018-01-06T01:10,101,0.0129,67.8
1,2018-01-06T01:10,50,0.0102,68
2,2018-01-06T01:10,61,0.0118,67.8
0,2018-01-06T01:15,108,0.0134,67.9
1,2018-01-06T01:15,44,0.0109,67.8
2,2018-01-06T01:15,75,0.0146,67
0,2018-01-06T01:20,86,0.0111,67.5
1,2018-01-06T01:20,62,0.0131,67.9
2,2018-01-06T01:20,63,0.0111,67.7
0,2018-01-06T01:25,82,0.0096,67.7
1,2018-01-06T01:25,30,0.008,68
2,2018-01-06T01:25,56,0.0099,68.6
0,2018-01-06T01:30,77,0.0105,67.6
1,2018-01-06T01:30,74,0.0165,69
2,2018-01-06T01:30,68,0.0118,67.8
0,2018-01-06T01:35,74,0.0098,68.3
1,2018-01-06T01:35,50,0.0098,68.6
2,2018-01-06T01:35,63,0.014,66.7
0,2018-01-06T01:40,55,0.0101,66.6
1,2018-01-06T01:40,70,0.0157,69.6
2,2018-01-06T01:40,52,0.0086,68.2
0,2018-01-06T01:45,58,0.0077,68
1,2018-01-06T01:45,37,0.0078,68.6
2,2018-01-06T01:45,55,0.0119,67.1
0,2018-01-06T01:50,69,0.009,66.9
1,2018-01-06T01:50,39,0.011,67.8
2,2018-01-06T01:50,57,0.0114,67.6
0,2018-01-06T01:55,78,0.0094,67.3
1,2018-01-06T01:55,31,0.0089,66.8
2,2018-01-06T01:55,54,0.0109,65.9
0,2018-01-06T02:00,59,0.0077,66.5
1,2018-01-06T02:00,31,0.0099,65.7
2,2018-01-06T02:00,55,0.0097,67.4
0,2018-01-06T02:05,52,0.0065,66.4
1,2018-01-06T02:05,37,0.0075,66.8
2,2018-01-06T02:05,68,0.0132,67.9
0,2018-01-06T02:10,52,0.0068,66.8
1,2018-01-06T02:10,24,0.0064,67.7
2,2018-01-06T02:10,44,0.0079,68.8
0,2018-01-06T02:15,36,0.0052,68.5
1,2018-01-06T02:15,36,0.0078,67.9
2,2018-01-06T02:15,68,0.0123,68.2
0,2018-01-06T02:20,55,0.0075,67.6
1,2018-01-06T02:20,51,0.011,68.7
2,2018-01-06T02:20,65,0.0137,67.6
0,2018-01-06T02:25,49,0.0057,66.9
1,2018-01-06T02:25,52,0.0119,68.5
2,2018-01-06T02:25,68,0.0119,67.8
0,2018-01-06T02:30,48,0.0061,68.4
1,2018-01-06T02:30,37,0.0085,68.4
2,2018-01-06T02:30,55,0.0123,67.1
0,2018-01-06T02:35,35,0.0043,68.8
1,2018-01-06T02:35,31,0.008,67.1
2,2018-01-06T02:35,63,0.0143,64.8
0,2018-01-06T02:40,42,0.005,68.5
1,2018-01-06T02:40,55,0.0099,70.4
2,2018-01-06T02:40,72,0.014,66.1
0,2018-01-06T02:45,42,0.0059,68.8
1,2018-01-06T02:45,48,0.0107,68.8
2,2018-01-06T02:45,58,0.0107,67.5
0,2018-01-06T02:50,56,0.0072,67.7
1,2018-01-06T02:50,29,0.006,68.1
2,2018-01-06T02:50,71,0.0138,68.2
0,2018-01-06T02:55,38,0.0051,68.7
1,2018-01-06T02:55,37,0.0103,66.4
2,2018-01-06T02:55,74,0.0136,68.5
0,2018-01-06T03:00,30,0.0041,67.3
1,2018-01-06T03:00,34,0.0073,67.4
2,2018-01-06T03:00,55,0.009,68.4
0,2018-01-06T03:05,33,0.0036,66.6
1,2018-01-06T03:05,54,0.0097,70.1
2,2018-01-06T03:05,64,0.0137,67.2
0,2018-01-06T03:10,39,0.0044,67.3
1,2018-01-06T03:10,51,0.0105,70.8
2,2018-01-06T03:10,64,0.0119,67
0,2018-01-06T03:15,33,0.0042,68.8
1,2018-01-06T03:15,44,0.0109,70.6
2,2018-01-06T03:15,78,0.0155,67.9
0,2018-01-06T03:20,22,0.0027,68.4
1,2018-01-06T03:20,39,0.0111,68.1
2,2018-01-06T03:20,69,0.0128,67.8
0,2018-01-06T03:25,48,0.0062,68.7
1,2018-01-06T03:25,48,0.0157,65.2
2,2018-01-06T03:25,61,0.0111,67.7
0,2018-01-06T03:30,31,0.0036,67.5
1,2018-01-06T03:30,37,0.0104,64.9
2,2018-01-06T03:30,92,0.0167,68.3
0,2018-01-06T03:35,35,0.0074,66.1
1,2018-01-06T03:35,54,0.0155,65.4
2,2018-01-06T03:35,83,0.0163,67.3
0,2018-01-06T03:40,40,0.005,66.9
1,2018-01-06T03:40,67,0.0133,68.9
2,2018-01-06T03:40,82,0.0162,66.4
0,2018-01-06T03:45,35,0.0042,69.1
1,2018-01-06T03:45,59,0.0136,69
2,2018-01-06T03:45,107,0.0193,66.7
0,2018-01-06T03:50,41,0.0048,67.4
1,2018-01-06T03:50,52,0.0143,66.5
2,2018-01-06T03:50,83,0.0162,66.3
0,2018-01-06T03:55,51,0.0061,67.7
1,2018-01-06T03:55,61,0.0129,67.5
2,2018-01-06T03:55,85,0.0153,68.1
0,2018-01-06T04:00,27,0.0034,68.9
1,2018-01-06T04:00,62,0.0126,70
2,2018-01-06T04:00,85,0.0167,67.1
0,2018-01-06T04:05,43,0.0055,69.1
1,2018-01-06T04:05,46,0.0098,69.6
2,2018-01-06T04:05,98,0.0155,69
0,2018-01-06T04:10,40,0.0049,68.1
1,2018-01-06T04:10,76,0.0172,72.1
2,2018-01-06T04:10,101,0.0179,69.1
0,2018-01-06T04:15,68,0.0081,67.5
1,2018-01-06T04:15,64,0.0142,72
2,2018-01-06T04:15,94,0.0172,68.5
0,2018-01-06T04:20,61,0.0079,69.1
1,2018-01-06T04:20,69,0.015,72.2
2,2018-01-06T04:20,116,0.0196,69.2
0,2018-01-06T04:25,43,0.0052,69.3
1,2018-01-06T04:25,64,0.0208,65
2,2018-01-06T04:25,114,0.0198,68.9
0,2018-01-06T04:30,84,0.0107,68.3
1,2018-01-06T04:30,56,0.0138,67.6
2,2018-01-06T04:30,127,0.0237,68
0,2018-01-06T04:35,66,0.0084,67.9
1,2018-01-06T04:35,74,0.0206,66.6
2,2018-01-06T04:35,145,0.0261,67.7
0,2018-01-06T04:40,82,0.0111,67.8
1,2018-01-06T04:40,60,0.0161,66.8
2,2018-01-06T04:40,152,0.0273,67.5
0,2018-01-06T04:45,70,0.0085,69
1,2018-01-06T04:45,86,0.025,64.1
2,2018-01-06T04:45,137,0.0238,68.3
0,2018-01-06T04:50,57,0.0069,69.3
1,2018-01-06T04:50,86,0.0216,66.3
2,2018-01-06T04:50,125,0.0222,68.4
0,2018-01-06T04:55,51,0.0063,69.6
1,2018-01-06T04:55,55,0.0159,66.9
2,2018-01-06T04:55,166,0.0269,69.9
0,2018-01-06T05:00,64,0.0081,69.9
1,2018-01-06T05:00,103,0.0292,65.4
2,2018-01-06T05:00,141,0.0236,69.9
0,2018-01-06T05:05,56,0.0065,69.1
1,2018-01-06T05:05,76,0.0198,66.5
2,2018-01-06T05:05,183,0.0298,70.3
0,2018-01-06T05:10,69,0.0091,68.7
1,2018-01-06T05:10,90,0.025,65.6
2,2018-01-06T05:10,155,0.0263,69.7
0,2018-01-06T05:15,87,0.0111,70
1,2018-01-06T05:15,124,0.0341,65.7
2,2018-01-06T05:15,186,0.033,68.6
0,2018-01-06T05:20,104,0.0124,69
1,2018-01-06T05:20,130,0.0338,65.8
2,2018-01-06T05:20,176,0.0291,69.1
0,2018-01-06T05:25,92,0.0118,69.3
1,2018-01-06T05:25,137,0.0337,67.4
2,2018-01-06T05:25,171,0.0283,69.6
0,2018-01-06T05:30,98,0.0127,68.8
1,2018-01-06T05:30,147,0.0377,67.2
2,2018-01-06T05:30,225,0.0376,69.7
0,2018-01-06T05:35,93,0.0115,69.6
1,2018-01-06T05:35,141,0.039,65
2,2018-01-06T05:35,138,0.0253,68.3
0,2018-01-06T05:40,98,0.0129,69.4
1,2018-01-06T05:40,156,0.046,63.1
2,2018-01-06T05:40,188,0.0333,67.8
0,2018-01-06T05:45,100,0.013,69.1
1,2018-01-06T05:45,157,0.0422,64.1
2,2018-01-06T05:45,198,0.0355,67.6
0,2018-01-06T05:50,102,0.0138,69
1,2018-01-06T05:50,150,0.0371,66.3
2,2018-01-06T05:50,192,0.0331,67.8
0,2018-01-06T05:55,101,0.012,68
1,2018-01-06T05:55,113,0.0284,67.6
2,2018-01-06T05:55,186,0.0314,68.4
0,2018-01-06T06:00,77,0.0102,68.5
1,2018-01-06T06:00,105,0.0318,63.3
2,2018-01-06T06:00,174,0.034,66
0,2018-01-06T06:05,134,0.0182,67.6
1,2018-01-06T06:05,135,0.0332,67.4
2,2018-01-06T06:05,187,0.034,66.2
0,2018-01-06T06:10,82,0.0104,68
1,2018-01-06T06:10,137,0.0406,63.3
2,2018-01-06T06:10,170,0.0292,67.6
0,2018-01-06T06:15,121,0.0157,69.2
1,2018-01-06T06:15,120,0.0305,65.4
2,2018-01-06T06:15,175,0.0314,67
0,2018-01-06T06:20,135,0.0176,68.5
1,2018-01-06T06:20,158,0.0423,65
2,2018-01-06T06:20,168,0.0284,68.1
0,2018-01-06T06:25,110,0.0138,69.1
1,2018-01-06T06:25,120,0.0359,62.5
2,2018-01-06T06:25,248,0.0447,67.3
0,2018-01-06T06:30,122,0.0164,68
1,2018-01-06T06:30,187,0.0471,65.7
2,2018-01-06T06:30,206,0.0349,68.1
0,2018-01-06T06:35,164,0.0216,67.5
1,2018-01-06T06:35,161,0.0464,63.2
2,2018-01-06T06:35,238,0.0423,67.7
0,2018-01-06T06:40,158,0.0214,67.8
1,2018-01-06T06:40,203,0.0508,66
2,2018-01-06T06:40,194,0.0335,68.1
0,2018-01-06T06:45,169,0.0215,68.5
1,2018-01-06T06:45,169,0.0445,66
2,2018-01-06T06:45,208,0.0354,68.8
0,2018-01-06T06:50,180,0.023,69
1,2018-01-06T06:50,171,0.0516,62.2
2,2018-01-06T06:50,181,0.0299,69.5
0,2018-01-06T06:55,153,0.0195,69.2
1,2018-01-06T06:55,156,0.0446,61.8
2,2018-01-06T06:55,194,0.0336,68.7
0,2018-01-06T07:00,164,0.0218,68.8
1,2018-01-06T07:00,169,0.0429,66.2
2,2018-01-06T07:00,225,0.0413,66.6
0,2018-01-06T07:05,140,0.0176,68
1,2018-01-06T07:05,160,0.0377,69.5
2,2018-01-06T07:05,248,0.0462,65
0,2018-01-06T07:10,145,0.0191,68.1
1,2018-01-06T07:10,143,0.0385,67.6
2,2018-01-06T07:10,191,0.0328,66.5
0,2018-01-06T07:15,155,0.02,69
1,2018-01-06T07:15,140,0.0401,65.1
2,2018-01-06T07:15,143,0.0256,66.7
0,2018-01-06T07:20,190,0.0276,66.8
1,2018-01-06T07:20,167,0.0486,63
2,2018-01-06T07:20,280,0.049,66.8
0,2018-01-06T07:25,159,0.0201,67.2
1,2018-01-06T07:25,152,0.043,62.5
2,2018-01-06T07:25,198,0.0326,68.4
0,2018-01-06T07:30,161,0.0201,68.2
1,2018-01-06T07:30,154,0.0434,62.8
2,2018-01-06T07:30,320,0.0578,66.6
0,2018-01-06T07:35,191,0.0251,68.3
1,2018-01-06T07:35,189,0.0511,63.9
2,2018-01-06T07:35,185,0.0319,67.3
0,2018-01-06T07:40,222,0.0288,68.7
1,2018-01-06T07:40,197,0.051,65.7
2,2018-01-06T07:40,229,0.0389,67.7
0,2018-01-06T07:45,236,0.0311,68
1,2018-01-06T07:45,169,0.0453,65.8
2,2018-01-06T07:45,242,0.0395,69.2
0,2018-01-06T07:50,188,0.0243,68.5
1,2018-01-06T07:50,173,0.0484,64.6
2,2018-01-06T07:50,230,0.0401,68.2
0,2018-01-06T07:55,196,0.0247,68.3
1,2018-01-06T07:55,186,0.0508,64.7
2,2018-01-06T07:55,301,0.0561,65.5
0,2018-01-06T08:00,195,0.0246,68.8
1,2018-01-06T08:00,167,0.0458,62.9
2,2018-01-06T08:00,199,0.0326,68.5
0,2018-01-06T08:05,177,0.0248,67.5
1,2018-01-06T08:05,209,0.0567,63.4
2,2018-01-06T08:05,260,0.0443,68.4
0,2018-01-06T08:10,207,0.0261,68.1
1,2018-01-06T08:10,157,0.0421,62.7
2,2018-01-06T08:10,328,0.0559,68.4
0,2018-01-06T08:15,236,0.0312,69
1,2018-01-06T08:15,179,0.0474,63.3
2,2018-01-06T08:15,205,0.0331,69.7
0,2018-01-06T08:20,246,0.0319,68.8
1,2018-01-06T08:20,176,0.0452,64.6
2,2018-01-06T08:20,230,0.0404,68.5
0,2018-01-06T08:25,211,0.0276,68.6
1,2018-01-06T08:25,186,0.0486,64.5
2,2018-01-06T08:25,324,0.0556,68.2
0,2018-01-06T08:30,243,0.0329,67.1
1,2018-01-06T08:30,188,0.0498,64.4
2,2018-01-06T08:30,220,0.0378,68.2
0,2018-01-06T08:35,279,0.0366,68
1,2018-01-06T08:35,184,0.0522,62
2,2018-01-06T08:35,294,0.0492,69.1
0,2018-01-06T08:40,291,0.0397,67.9
1,2018-01-06T08:40,217,0.0585,62.7
2,2018-01-06T08:40,466,0.0857,66.6
0,2018-01-06T08:45,272,0.0367,67.2
1,2018-01-06T08:45,168,0.0463,62.3
2,2018-01-06T08:45,354,0.0636,65.7
0,2018-01-06T08:50,294,0.0388,67.4
1,2018-01-06T08:50,244,0.0664,62.8
2,2018-01-06T08:50,285,0.052,64.8
0,2018-01-06T08:55,293,0.0405,67.1
1,2018-01-06T08:55,237,0.0612,64
2,2018-01-06T08:55,270,0.0456,66.8
0,2018-01-06T09:00,290,0.0381,67.6
1,2018-01-06T09:00,218,0.0541,65.5
2,2018-01-06T09:00,349,0.0605,66
0,2018-01-06T09:05,215,0.0284,67.9
1,2018-01-06T09:05,198,0.0491,66.5
2,2018-01-06T09:05,210,0.0367,65.4
0,2018-01-06T09:10,280,0.0366,68.5
1,2018-01-06T09:10,222,0.0563,66.8
2,2018-01-06T09:10,393,0.0698,64.7
0,2018-01-06T09:15,318,0.0445,67.6
1,2018-01-06T09:15,181,0.0505,63.7
2,2018-01-06T09:15,323,0.0553,65.2
0,2018-01-06T09:20,305,0.0634,61.8
1,2018-01-06T09:20,187,0.0489,64.1
2,2018-01-06T09:20,352,0.0646,63.2
0,2018-01-06T09:25,292,0.0376,64.9
1,2018-01-06T09:25,185,0.0474,64.7
2,2018-01-06T09:25,442,0.0781,63.5
0,2018-01-06T09:30,313,0.0411,67
1,2018-01-06T09:30,216,0.0588,63.9
2,2018-01-06T09:30,381,0.072,61.5
0,2018-01-06T09:35,320,0.0424,68.1
1,2018-01-06T09:35,247,0.0634,64.6
2,2018-01-06T09:35,435,0.0798,61.6
0,2018-01-06T09:40,369,0.0494,68.7
1,2018-01-06T09:40,239,0.0635,63.8
2,2018-01-06T09:40,573,0.1021,62.1
0,2018-01-06T09:45,359,0.0491,67.9
1,2018-01-06T09:45,270,0.0736,62.8
2,2018-01-06T09:45,340,0.0606,62.7
0,2018-01-06T09:50,366,0.0486,68.2
1,2018-01-06T09:50,226,0.0622,62.3
2,2018-01-06T09:50,503,0.0901,62.5
0,2018-01-06T09:55,356,0.0482,68.2
1,2018-01-06T09:55,205,0.0547,62.7
2,2018-01-06T09:55,437,0.0797,62.3
0,2018-01-06T10:00,325,0.0427,69
1,2018-01-06T10:00,246,0.0655,63.4
2,2018-01-06T10:00,321,0.0588,62
0,2018-01-06T10:05,270,0.0362,68.6
1,2018-01-06T10:05,223,0.0619,62
2,2018-01-06T10:05,306,0.0528,63.3
0,2018-01-06T10:10,305,0.0393,69.3
1,2018-01-06T10:10,236,0.0608,63.1
2,2018-01-06T10:10,330,0.0595,62.5
0,2018-01-06T10:15,263,0.0351,68.7
1,2018-01-06T10:15,208,0.0564,62.7
2,2018-01-06T10:15,169,0.032,61.9
0,2018-01-06T10:20,365,0.0504,68.3
1,2018-01-06T10:20,259,0.0712,61.8
2,2018-01-06T10:20,526,0.0979,61.4
0,2018-01-06T10:25,308,0.0411,68.3
1,2018-01-06T10:25,223,0.0633,60.8
2,2018-01-06T10:25,501,0.09,61.9
0,2018-01-06T10:30,300,0.0402,68.8
1,2018-01-06T10:30,211,0.0604,60.2
2,2018-01-06T10:30,329,0.0569,63.3
0,2018-01-06T10:35,352,0.0478,68
1,2018-01-06T10:35,271,0.0727,60.8
2,2018-01-06T10:35,396,0.0725,62.3
0,2018-01-06T10:40,367,0.0494,68.1
1,2018-01-06T10:40,254,0.0681,61.7
2,2018-01-06T10:40,481,0.0825,63.8
0,2018-01-06T10:45,292,0.039,68
1,2018-01-06T10:45,233,0.0585,63.9
2,2018-01-06T10:45,456,0.0859,62
0,2018-01-06T10:50,343,0.0452,68.7
1,2018-01-06T10:50,256,0.0716,62.1
2,2018-01-06T10:50,384,0.0686,62.5
0,2018-01-06T10:55,302,0.041,68
1,2018-01-06T10:55,220,0.0583,62.5
2,2018-01-06T10:55,462,0.0827,62.5
0,2018-01-06T11:00,337,0.0437,68.9
1,2018-01-06T11:00,226,0.0615,62.9
2,2018-01-06T11:00,409,0.072,63.1
0,2018-01-06T11:05,307,0.0404,68.6
1,2018-01-06T11:05,227,0.0631,61.5
2,2018-01-06T11:05,428,0.0756,63.2
0,2018-01-06T11:10,325,0.0425,69.4
1,2018-01-06T11:10,241,0.0651,61.3
2,2018-01-06T11:10,436,0.0795,62.7
0,2018-01-06T11:15,295,0.0393,68.8
1,2018-01-06T11:15,247,0.0666,61.9
2,2018-01-06T11:15,345,0.0598,63.8
0,2018-01-06T11:20,318,0.0499,65.8
1,2018-01-06T11:20,257,0.0659,63.4
2,2018-01-06T11:20,468,0.0884,61.8
0,2018-01-06T11:25,360,0.0474,68
1,2018-01-06T11:25,263,0.0724,62.2
2,2018-01-06T11:25,457,0.0788,63.3
0,2018-01-06T11:30,357,0.0473,68
1,2018-01-06T11:30,288,0.0749,63.4
2,2018-01-06T11:30,504,0.0888,63.5
0,2018-01-06T11:35,331,0.0434,69
1,2018-01-06T11:35,241,0.0649,62.9
2,2018-01-06T11:35,267,0.0461,64.2
0,2018-01-06T11:40,319,0.0454,67.1
1,2018-01-06T11:40,261,0.0682,63.5
2,2018-01-06T11:40,503,0.0892,63.8
0,2018-01-06T11:45,322,0.0433,67.9
1,2018-01-06T11:45,238,0.0638,62.9
2,2018-01-06T11:45,524,0.1144,57.9
0,2018-01-06T11:50,331,0.0434,68.6
1,2018-01-06T11:50,216,0.0551,64.3
2,2018-01-06T11:50,437,0.0764,60.9
0,2018-01-06T11:55,300,0.0391,69.2
1,2018-01-06T11:55,286,0.0743,64.7
2,2018-01-06T11:55,304,0.0537,62.3
0,2018-01-06T12:00,406,0.0543,68.3
1,2018-01-06T12:00,258,0.0704,62.5
2,2018-01-06T12:00,295,0.0529,62.7
0,2018-01-06T12:05,382,0.0511,68.6
1,2018-01-06T12:05,195,0.0534,62.3
2,2018-01-06T12:05,309,0.0541,63.3
0,2018-01-06T12:10,317,0.0435,67.8
1,2018-01-06T12:10,276,0.0715,63.3
2,2018-01-06T12:10,368,0.0662,63.2
0,2018-01-06T12:15,384,0.0598,63.8
1,2018-01-06T12:15,243,0.0656,62.5
2,2018-01-06T12:15,506,0.0917,62.5
0,2018-01-06T12:20,371,0.0591,61
1,2018-01-06T12:20,288,0.0765,63.1
2,2018-01-06T12:20,405,0.0733,62.5
0,2018-01-06T12:25,320,0.0464,62.4
1,2018-01-06T12:25,209,0.0592,61.3
2,2018-01-06T12:25,403,0.0743,61.9
0,2018-01-06T12:30,346,0.0492,63.4
1,2018-01-06T12:30,265,0.077,59.6
2,2018-01-06T12:30,369,0.0688,61.1
0,2018-01-06T12:35,379,0.0523,65.1
1,2018-01-06T12:35,251,0.0649,62.5
2,2018-01-06T12:35,345,0.0593,63.2
0,2018-01-06T12:40,311,0.0431,65.7
1,2018-01-06T12:40,237,0.0625,63.3
2,2018-01-06T12:40,402,0.0708,63.3
0,2018-01-06T12:45,293,0.0398,66.7
1,2018-01-06T12:45,235,0.065,61.8
2,2018-01-06T12:45,87,0.015,65.4
0,2018-01-06T12:50,390,0.0542,66.4
1,2018-01-06T12:50,222,0.0588,62.8
2,2018-01-06T12:50,138,0.025,66
0,2018-01-06T12:55,323,0.044,66.8
1,2018-01-06T12:55,306,0.0775,64.6
2,2018-01-06T12:55,141,0.0238,66.5
0,2018-01-06T13:00,372,0.0507,66.3
1,2018-01-06T13:00,203,0.0532,64.3
2,2018-01-06T13:00,265,0.0468,65.3
0,2018-01-06T13:05,301,0.0404,66.9
1,2018-01-06T13:05,206,0.0555,63.7
2,2018-01-06T13:05,210,0.0363,65.5
0,2018-01-06T13:10,359,0.0711,62.4
1,2018-01-06T13:10,255,0.0696,62.6
2,2018-01-06T13:10,167,0.0304,64.6
0,2018-01-06T13:15,292,0.0384,64.8
1,2018-01-06T13:15,212,0.0579,62.7
2,2018-01-06T13:15,221,0.0386,64.9
0,2018-01-06T13:20,411,0.055,66.4
1,2018-01-06T13:20,228,0.0597,63.4
2,2018-01-06T13:20,312,0.0534,64.9
0,2018-01-06T13:25,354,0.0463,67.6
1,2018-01-06T13:25,228,0.0592,63.9
2,2018-01-06T13:25,438,0.0755,65.2
0,2018-01-06T13:30,369,0.0495,67.5
1,2018-01-06T13:30,235,0.0586,65.2
2,2018-01-06T13:30,277,0.0477,65.1
0,2018-01-06T13:35,382,0.0499,68
1,2018-01-06T13:35,272,0.0717,64.8
2,2018-01-06T13:35,35,0.0055,67.8
0,2018-01-06T13:40,329,0.0433,67.9
1,2018-01-06T13:40,189,0.0511,63.5
2,2018-01-06T13:40,288,0.0477,67.5
0,2018-01-06T13:45,384,0.05,68.2
1,2018-01-06T13:45,204,0.054,63.7
2,2018-01-06T13:45,323,0.0549,66.7
0,2018-01-06T13:50,323,0.0426,68.5
1,2018-01-06T13:50,284,0.0773,62.7
2,2018-01-06T13:50,320,0.0548,66.3
0,2018-01-06T13:55,373,0.0496,68
1,2018-01-06T13:55,211,0.0556,63.6
2,2018-01-06T13:55,339,0.0568,66.8
0,2018-01-06T14:00,305,0.0399,68.3
1,2018-01-06T14:00,216,0.055,64.7
2,2018-01-06T14:00,431,0.0762,65.1
0,2018-01-06T14:05,401,0.0541,67.3
1,2018-01-06T14:05,185,0.0492,63.7
2,2018-01-06T14:05,335,0.0554,66.4
0,2018-01-06T14:10,299,0.0399,67.4
1,2018-01-06T14:10,225,0.0581,64.4
2,2018-01-06T14:10,299,0.0522,65.4
0,2018-01-06T14:15,306,0.0404,67.3
1,2018-01-06T14:15,256,0.0708,63.2
2,2018-01-06T14:15,377,0.0634,66.2
0,2018-01-06T14:20,344,0.0438,68.3
1,2018-01-06T14:20,300,0.0794,63.6
2,2018-01-06T14:20,372,0.0619,67
0,2018-01-06T14:25,336,0.0436,68.6
1,2018-01-06T14:25,284,0.0755,63.6
2,2018-01-06T14:25,453,0.0797,65.3
0,2018-01-06T14:30,346,0.0452,68.4
1,2018-01-06T14:30,284,0.0764,62.8
2,2018-01-06T14:30,434,0.0753,64.9
0,2018-01-06T14:35,376,0.0519,67
1,2018-01-06T14:35,263,0.0722,62.1
2,2018-01-06T14:35,389,0.0706,63.4
0,2018-01-06T14:40,258,0.0353,66.7
1,2018-01-06T14:40,213,0.0554,63.1
2,2018-01-06T14:40,355,0.0597,65.1
0,2018-01-06T14:45,355,0.046,67.7
1,2018-01-06T14:45,308,0.0828,63.4
2,2018-01-06T14:45,292,0.0511,64.8
0,2018-01-06T14:50,385,0.051,67.7
1,2018-01-06T14:50,270,0.0696,64.2
2,2018-01-06T14:50,289,0.0515,64
0,2018-01-06T14:55,406,0.0511,68.9
1,2018-01-06T14:55,185,0.0488,63.5
2,2018-01-06T14:55,301,0.0515,64.9
0,2018-01-06T15:00,284,0.0371,68.3
1,2018-01-06T15:00,171,0.0454,64
2,2018-01-06T15:00,295,0.0528,64.1
0,2018-01-06T15:05,387,0.0517,67.7
1,2018-01-06T15:05,187,0.0503,63.1
2,2018-01-06T15:05,446,0.0776,64.4
0,2018-01-06T15:10,348,0.0483,66.9
1,2018-01-06T15:10,160,0.0415,64.1
2,2018-01-06T15:10,409,0.0717,64
0,2018-01-06T15:15,336,0.0447,67.2
1,2018-01-06T15:15,227,0.064,61.8
2,2018-01-06T15:15,263,0.0433,66.2
0,2018-01-06T15:20,326,0.0434,67.6
1,2018-01-06T15:20,270,0.0724,62
2,2018-01-06T15:20,320,0.055,65.9
0,2018-01-06T15:25,386,0.0525,66.2
1,2018-01-06T15:25,280,0.072,63.7
2,2018-01-06T15:25,459,0.0774,66.1
0,2018-01-06T15:30,375,0.0483,67.6
1,2018-01-06T15:30,296,0.0826,62.4
2,2018-01-06T15:30,210,0.0351,66.7
0,2018-01-06T15:35,396,0.0515,68
1,2018-01-06T15:35,238,0.0635,62.5
2,2018-01-06T15:35,345,0.059,66.2
0,2018-01-06T15:40,340,0.0452,67.5
1,2018-01-06T15:40,261,0.0716,61.9
2,2018-01-06T15:40,364,0.0632,65.6
0,2018-01-06T15:45,272,0.0344,68.8
1,2018-01-06T15:45,277,0.0786,61
2,2018-01-06T15:45,331,0.0576,65.1
0,2018-01-06T15:50,363,0.0492,67.9
1,2018-01-06T15:50,221,0.0564,63.2
2,2018-01-06T15:50,276,0.0473,65.5
0,2018-01-06T15:55,367,0.048,67.7
1,2018-01-06T15:55,250,0.0679,62.6
2,2018-01-06T15:55,247,0.0432,64.7
0,2018-01-06T16:00,324,0.0427,67.9
1,2018-01-06T16:00,253,0.0689,62.7
2,2018-01-06T16:00,266,0.0439,67.9
0,2018-01-06T16:05,341,0.0447,67.8
1,2018-01-06T16:05,265,0.0743,61.1
2,2018-01-06T16:05,102,0.0174,68.3
0,2018-01-06T16:10,329,0.0445,67.1
1,2018-01-06T16:10,248,0.0706,60.1
2,2018-01-06T16:10,342,0.0582,68.9
0,2018-01-06T16:15,320,0.0437,66.5
1,2018-01-06T16:15,285,0.0839,59.2
2,2018-01-06T16:15,202,0.0347,68.4
0,2018-01-06T16:20,318,0.0434,66.3
1,2018-01-06T16:20,220,0.0624,59
2,2018-01-06T16:20,274,0.0481,67.6
0,2018-01-06T16:25,355,0.0482,66.3
1,2018-01-06T16:25,262,0.0724,60.5
2,2018-01-06T16:25,335,0.0555,69.5
0,2018-01-06T16:30,379,0.0522,66.2
1,2018-01-06T16:30,246,0.0668,61.6
2,2018-01-06T16:30,294,0.0536,67.5
0,2018-01-06T16:35,410,0.0567,65.9
1,2018-01-06T16:35,287,0.078,61.5
2,2018-01-06T16:35,232,0.0401,67.8
0,2018-01-06T16:40,334,0.0453,66.3
1,2018-01-06T16:40,267,0.0725,61.9
2,2018-01-06T16:40,363,0.0641,67.4
0,2018-01-06T16:45,335,0.047,65.5
1,2018-01-06T16:45,284,0.0816,60.9
2,2018-01-06T16:45,371,0.0665,66.4
0,2018-01-06T16:50,364,0.0493,66
1,2018-01-06T16:50,239,0.0666,60.8
2,2018-01-06T16:50,323,0.0563,67.1
0,2018-01-06T16:55,290,0.0399,66
1,2018-01-06T16:55,282,0.0752,61.9
2,2018-01-06T16:55,424,0.0732,67.7
0,2018-01-06T17:00,316,0.0436,66
1,2018-01-06T17:00,221,0.0564,63.9
2,2018-01-06T17:00,353,0.0652,66.5
0,2018-01-06T17:05,362,0.0508,65.2
1,2018-01-06T17:05,240,0.0671,63
2,2018-01-06T17:05,199,0.0358,67.1
0,2018-01-06T17:10,273,0.0369,66.1
1,2018-01-06T17:10,194,0.0528,62.8
2,2018-01-06T17:10,321,0.0564,68.1
0,2018-01-06T17:15,367,0.0509,65.9
1,2018-01-06T17:15,260,0.0662,64.8
2,2018-01-06T17:15,359,0.0625,68.7
0,2018-01-06T17:20,309,0.0443,64.9
1,2018-01-06T17:20,217,0.06,63.8
2,2018-01-06T17:20,319,0.0577,68
0,2018-01-06T17:25,381,0.0756,61.2
1,2018-01-06T17:25,243,0.0676,62.2
2,2018-01-06T17:25,312,0.0539,68.9
0,2018-01-06T17:30,286,0.0392,63.7
1,2018-01-06T17:30,277,0.0817,60.6
2,2018-01-06T17:30,240,0.0421,68.8
0,2018-01-06T17:35,382,0.0537,64.4
1,2018-01-06T17:35,279,0.0748,62.2
2,2018-01-06T17:35,319,0.0575,67.7
0,2018-01-06T17:40,312,0.043,65.1
1,2018-01-06T17:40,283,0.0787,61.2
2,2018-01-06T17:40,281,0.0512,67.4
0,2018-01-06T17:45,384,0.0541,64.8
1,2018-01-06T17:45,242,0.0666,61.6
2,2018-01-06T17:45,280,0.0492,68
0,2018-01-06T17:50,213,0.0292,65.7
1,2018-01-06T17:50,245,0.0685,60.8
2,2018-01-06T17:50,268,0.0488,67.1
0,2018-01-06T17:55,303,0.0427,65
1,2018-01-06T17:55,244,0.0683,61.4
2,2018-01-06T17:55,403,0.073,67
0,2018-01-06T18:00,354,0.0493,66.3
1,2018-01-06T18:00,286,0.0855,59
2,2018-01-06T18:00,315,0.0593,65.8
0,2018-01-06T18:05,310,0.0429,66.7
1,2018-01-06T18:05,194,0.0507,62.1
2,2018-01-06T18:05,207,0.0374,66.4
0,2018-01-06T18:10,300,0.0404,67.9
1,2018-01-06T18:10,247,0.0701,60.9
2,2018-01-06T18:10,241,0.0421,67.7
0,2018-01-06T18:15,304,0.0422,67.1
1,2018-01-06T18:15,252,0.0697,62.1
2,2018-01-06T18:15,314,0.0562,67.5
0,2018-01-06T18:20,317,0.0432,67.8
1,2018-01-06T18:20,238,0.0651,61.5
2,2018-01-06T18:20,231,0.0418,67
0,2018-01-06T18:25,268,0.0401,65.3
1,2018-01-06T18:25,243,0.0693,60.8
2,2018-01-06T18:25,327,0.0579,67.7
0,2018-01-06T18:30,257,0.0352,67.8
1,2018-01-06T18:30,261,0.0755,60.1
2,2018-01-06T18:30,247,0.0445,67.2
0,2018-01-06T18:35,303,0.0419,67
1,2018-01-06T18:35,227,0.0619,61.1
2,2018-01-06T18:35,241,0.043,67.6
0,2018-01-06T18:40,340,0.045,68.4
1,2018-01-06T18:40,215,0.0618,60.3
2,2018-01-06T18:40,361,0.0634,68.1
0,2018-01-06T18:45,335,0.0459,68.6
1,2018-01-06T18:45,236,0.0598,63.2
2,2018-01-06T18:45,267,0.0493,67.3
0,2018-01-06T18:50,305,0.0425,67.5
1,2018-01-06T18:50,255,0.0705,62.7
2,2018-01-06T18:50,278,0.0497,67.3
0,2018-01-06T18:55,295,0.0448,64.7
1,2018-01-06T18:55,214,0.0587,62.2
2,2018-01-06T18:55,222,0.0395,67.4
0,2018-01-06T19:00,252,0.0339,67.3
1,2018-01-06T19:00,234,0.066,62.1
2,2018-01-06T19:00,204,0.0348,68.5
0,2018-01-06T19:05,243,0.0321,68.5
1,2018-01-06T19:05,199,0.0541,62.5
2,2018-01-06T19:05,126,0.022,67.9
0,2018-01-06T19:10,308,0.0657,62.2
1,2018-01-06T19:10,191,0.0529,62.6
2,2018-01-06T19:10,310,0.0565,66.4
0,2018-01-06T19:15,248,0.033,65.9
1,2018-01-06T19:15,222,0.057,64.5
2,2018-01-06T19:15,259,0.0445,67.3
0,2018-01-06T19:20,261,0.0338,69
1,2018-01-06T19:20,174,0.0462,63.7
2,2018-01-06T19:20,219,0.0383,67.3
0,2018-01-06T19:25,281,0.0392,68.5
1,2018-01-06T19:25,127,0.0317,65.4
2,2018-01-06T19:25,305,0.053,68
0,2018-01-06T19:30,251,0.0335,69.1
1,2018-01-06T19:30,125,0.0324,65
2,2018-01-06T19:30,265,0.0471,67.3
0,2018-01-06T19:35,207,0.0287,67.7
1,2018-01-06T19:35,218,0.0536,66.9
2,2018-01-06T19:35,306,0.053,67.3
0,2018-01-06T19:40,254,0.0335,69.3
1,2018-01-06T19:40,185,0.0537,63.5
2,2018-01-06T19:40,257,0.0422,69.2
0,2018-01-06T19:45,267,0.0361,69.1
1,2018-01-06T19:45,214,0.0562,64.7
2,2018-01-06T19:45,131,0.0229,69.6
0,2018-01-06T19:50,232,0.0306,69.2
1,2018-01-06T19:50,209,0.0545,64.5
2,2018-01-06T19:50,180,0.0316,68.1
0,2018-01-06T19:55,257,0.0337,69.4
1,2018-01-06T19:55,189,0.0493,64.9
2,2018-01-06T19:55,149,0.0253,68.8
0,2018-01-06T20:00,232,0.0307,69.3
1,2018-01-06T20:00,175,0.0465,63.6
2,2018-01-06T20:00,223,0.0376,68.7
0,2018-01-06T20:05,246,0.0362,66.4
1,2018-01-06T20:05,209,0.0524,65.3
2,2018-01-06T20:05,243,0.041,68.7
0,2018-01-06T20:10,271,0.036,67.6
1,2018-01-06T20:10,140,0.0368,64.5
2,2018-01-06T20:10,202,0.0346,68.3
0,2018-01-06T20:15,259,0.0341,68.3
1,2018-01-06T20:15,175,0.0486,63.3
2,2018-01-06T20:15,150,0.0268,67.5
0,2018-01-06T20:20,300,0.0523,63.8
1,2018-01-06T20:20,158,0.0396,64.8
2,2018-01-06T20:20,143,0.0249,67.4
0,2018-01-06T20:25,259,0.0343,67
1,2018-01-06T20:25,201,0.0552,63.7
2,2018-01-06T20:25,235,0.0399,67.9
0,2018-01-06T20:30,220,0.0393,63.3
1,2018-01-06T20:30,162,0.0452,61.8
2,2018-01-06T20:30,101,0.0173,68.7
0,2018-01-06T20:35,243,0.0322,65.7
1,2018-01-06T20:35,219,0.0575,63
2,2018-01-06T20:35,109,0.018,69
0,2018-01-06T20:40,262,0.0358,66.7
1,2018-01-06T20:40,157,0.0414,63.4
2,2018-01-06T20:40,297,0.0524,67.6
0,2018-01-06T20:45,255,0.0346,66.5
1,2018-01-06T20:45,190,0.0474,65.6
2,2018-01-06T20:45,173,0.0297,67.7
0,2018-01-06T20:50,216,0.0299,67.1
1,2018-01-06T20:50,162,0.0393,67.2
2,2018-01-06T20:50,183,0.0309,68.1
0,2018-01-06T20:55,259,0.0343,67.9
1,2018-01-06T20:55,143,0.0401,64.4
2,2018-01-06T20:55,196,0.0326,68.7
0,2018-01-06T21:00,199,0.0269,67.6
1,2018-01-06T21:00,208,0.0579,64.1
2,2018-01-06T21:00,152,0.0253,68.8
0,2018-01-06T21:05,217,0.0295,68
1,2018-01-06T21:05,138,0.0351,66.5
2,2018-01-06T21:05,158,0.026,69.3
0,2018-01-06T21:10,175,0.0232,68.2
1,2018-01-06T21:10,157,0.074,59
2,2018-01-06T21:10,178,0.0303,68.4
0,2018-01-06T21:15,252,0.0341,68.3
1,2018-01-06T21:15,163,0.0426,63
2,2018-01-06T21:15,264,0.045,68.2
0,2018-01-06T21:20,245,0.033,67.7
1,2018-01-06T21:20,164,0.044,64.4
2,2018-01-06T21:20,176,0.0301,68.2
0,2018-01-06T21:25,208,0.0277,68.4
1,2018-01-06T21:25,182,0.052,63.2
2,2018-01-06T21:25,241,0.0443,65.7
0,2018-01-06T21:30,232,0.03,68.1
1,2018-01-06T21:30,131,0.0342,65
2,2018-01-06T21:30,139,0.0229,67.4
0,2018-01-06T21:35,166,0.0223,69.2
1,2018-01-06T21:35,185,0.049,66.2
2,2018-01-06T21:35,230,0.0373,69.2
0,2018-01-06T21:40,259,0.0373,66.7
1,2018-01-06T21:40,186,0.0455,68.6
2,2018-01-06T21:40,257,0.0436,68.6
0,2018-01-06T21:45,232,0.0319,67.5
1,2018-01-06T21:45,164,0.0456,65.6
2,2018-01-06T21:45,255,0.0435,68.2
0,2018-01-06T21:50,229,0.0296,67.8
1,2018-01-06T21:50,164,0.0407,68
2,2018-01-06T21:50,206,0.0366,66.7
0,2018-01-06T21:55,194,0.0254,69
1,2018-01-06T21:55,124,0.0343,66.5
2,2018-01-06T21:55,257,0.0424,68.4
0,2018-01-06T22:00,206,0.0328,65.5
1,2018-01-06T22:00,142,0.0407,63.6
2,2018-01-06T22:00,197,0.0337,68.2
0,2018-01-06T22:05,205,0.0255,67.6
1,2018-01-06T22:05,154,0.0415,64.1
2,2018-01-06T22:05,227,0.0377,68.1
0,2018-01-06T22:10,179,0.0239,68.5
1,2018-01-06T22:10,135,0.0357,64.8
2,2018-01-06T22:10,269,0.0449,68.3
0,2018-01-06T22:15,174,0.0234,68.6
1,2018-01-06T22:15,155,0.0376,67.3
2,2018-01-06T22:15,258,0.0423,68.8
0,2018-01-06T22:20,232,0.0297,68.8
1,2018-01-06T22:20,137,0.0352,66.8
2,2018-01-06T22:20,192,0.0329,68.2
0,2018-01-06T22:25,209,0.027,69.4
1,2018-01-06T22:25,171,0.0424,68.2
2,2018-01-06T22:25,149,0.0245,68.3
0,2018-01-06T22:30,195,0.0264,68.8
1,2018-01-06T22:30,140,0.0359,67.7
2,2018-01-06T22:30,261,0.0446,67.9
0,2018-01-06T22:35,249,0.0324,68.8
1,2018-01-06T22:35,129,0.0326,67.8
2,2018-01-06T22:35,200,0.034,67.9
0,2018-01-06T22:40,299,0.0394,69.1
1,2018-01-06T22:40,116,0.0305,66.5
2,2018-01-06T22:40,224,0.0401,66.5
0,2018-01-06T22:45,228,0.0298,69.4
1,2018-01-06T22:45,135,0.0342,67.5
2,2018-01-06T22:45,183,0.0296,68.1
0,2018-01-06T22:50,156,0.022,67.8
1,2018-01-06T22:50,104,0.0272,66.7
2,2018-01-06T22:50,176,0.0284,68.8
0,2018-01-06T22:55,156,0.021,68.5
1,2018-01-06T22:55,122,0.0334,65.4
2,2018-01-06T22:55,204,0.0326,69.8
0,2018-01-06T23:00,168,0.0219,68.6
1,2018-01-06T23:00,111,0.0282,64.4
2,2018-01-06T23:00,202,0.0338,68.4
0,2018-01-06T23:05,135,0.0179,68.3
1,2018-01-06T23:05,113,0.0286,65.2
2,2018-01-06T23:05,177,0.0312,66.7
0,2018-01-06T23:10,183,0.0233,68.6
1,2018-01-06T23:10,81,0.0222,63.7
2,2018-01-06T23:10,157,0.0258,67.3
0,2018-01-06T23:15,138,0.0174,68.7
1,2018-01-06T23:15,91,0.0218,65.5
2,2018-01-06T23:15,170,0.0288,66.8
0,2018-01-06T23:20,129,0.0171,68.2
1,2018-01-06T23:20,110,0.0242,69
2,2018-01-06T23:20,122,0.0194,68.3
0,2018-01-06T23:25,127,0.016,68.1
1,2018-01-06T23:25,103,0.0228,70.4
2,2018-01-06T23:25,90,0.0146,68.8
0,2018-01-06T23:30,156,0.0209,67.7
1,2018-01-06T23:30,75,0.0175,69.2
2,2018-01-06T23:30,149,0.0248,68.2
0,2018-01-06T23:35,106,0.014,67.8
1,2018-01-06T23:35,67,0.0163,67.6
2,2018-01-06T23:35,206,0.0338,68.2
0,2018-01-06T23:40,134,0.0179,68.3
1,2018-01-06T23:40,66,0.018,64.5
2,2018-01-06T23:40,149,0.0249,68.1
0,2018-01-06T23:45,129,0.0164,68.4
1,2018-01-06T23:45,93,0.022,66.1
2,2018-01-06T23:45,156,0.0244,69.3
0,2018-01-06T23:50,149,0.0197,67.8
1,2018-01-06T23:50,83,0.02,66.9
2,2018-01-06T23:50,143,0.0239,68.5
0,2018-01-06T23:55,137,0.0175,68.1
1,2018-01-06T23:55,75,0.0204,63.6
2,2018-01-06T23:55,131,0.0219,68.8
0,2018-01-07T00:00,110,0.0176,67.9
1,2018-01-07T00:00,73,0.0185,67.6
2,2018-01-07T00:00,120,0.0194,69.4
0,2018-01-07T00:05,112,0.0172,66.6
1,2018-01-07T00:05,68,0.0156,67.8
2,2018-01-07T00:05,116,0.0206,68.1
0,2018-01-07T00:10,117,0.0149,67.4
1,2018-01-07T00:10,72,0.0174,66.7
2,2018-01-07T00:10,146,0.0246,68.4
0,2018-01-07T00:15,103,0.0133,68.1
1,2018-01-07T00:15,80,0.0193,66.1
2,2018-01-07T00:15,147,0.025,67.8
0,2018-01-07T00:20,109,0.0138,68.1
1,2018-01-07T00:20,99,0.024,65.7
2,2018-01-07T00:20,109,0.0169,68.5
0,2018-01-07T00:25,106,0.0134,68.4
1,2018-01-07T00:25,94,0.0199,67.9
2,2018-01-07T00:25,104,0.0168,69.1
0,2018-01-07T00:30,93,0.012,68
1,2018-01-07T00:30,73,0.0169,67.5
2,2018-01-07T00:30,107,0.018,67.5
0,2018-01-07T00:35,95,0.0116,67.8
1,2018-01-07T00:35,71,0.018,64.8
2,2018-01-07T00:35,84,0.0139,68.3
0,2018-01-07T00:40,86,0.0116,68.6
1,2018-01-07T00:40,48,0.0107,66.3
2,2018-01-07T00:40,114,0.0189,68.4
0,2018-01-07T00:45,70,0.0088,68.3
1,2018-01-07T00:45,84,0.0176,70.2
2,2018-01-07T00:45,105,0.0188,67.6
0,2018-01-07T00:50,86,0.0107,68.4
1,2018-01-07T00:50,49,0.0113,69
2,2018-01-07T00:50,105,0.0178,68.2
0,2018-01-07T00:55,101,0.0133,68.8
1,2018-01-07T00:55,80,0.0169,69.8
2,2018-01-07T00:55,95,0.0176,65.4
0,2018-01-07T01:00,60,0.0072,68.2
1,2018-01-07T01:00,53,0.0116,68.5
2,2018-01-07T01:00,95,0.0159,67.2
0,2018-01-07T01:05,59,0.0076,67
1,2018-01-07T01:05,58,0.0134,67.3
2,2018-01-07T01:05,85,0.0145,67.2
0,2018-01-07T01:10,88,0.0105,67
1,2018-01-07T01:10,55,0.0123,67
2,2018-01-07T01:10,71,0.0114,68
0,2018-01-07T01:15,67,0.0085,68.1
1,2018-01-07T01:15,27,0.0064,67.4
2,2018-01-07T01:15,72,0.0119,67.7
0,2018-01-07T01:20,68,0.0159,60.3
1,2018-01-07T01:20,57,0.0123,67.7
2,2018-01-07T01:20,75,0.0125,67.9
0,2018-01-07T01:25,72,0.0097,64.1
1,2018-01-07T01:25,60,0.0142,67.7
2,2018-01-07T01:25,64,0.0119,67.3
0,2018-01-07T01:30,70,0.0101,64.8
1,2018-01-07T01:30,41,0.0088,67.9
2,2018-01-07T01:30,68,0.0114,67.5
0,2018-01-07T01:35,63,0.0072,66.1
1,2018-01-07T01:35,64,0.0114,69.8
2,2018-01-07T01:35,69,0.0119,67.3
0,2018-01-07T01:40,62,0.0079,67.5
1,2018-01-07T01:40,60,0.0109,70.5
2,2018-01-07T01:40,65,0.0109,68
0,2018-01-07T01:45,52,0.0065,66.5
1,2018-01-07T01:45,49,0.0097,70
2,2018-01-07T01:45,64,0.0116,67.7
0,2018-01-07T01:50,53,0.0068,68.8
1,2018-01-07T01:50,41,0.0084,69
2,2018-01-07T01:50,67,0.0122,67.6
0,2018-01-07T01:55,62,0.0204,58
1,2018-01-07T01:55,47,0.01,69
2,2018-01-07T01:55,55,0.0084,68.2
0,2018-01-07T02:00,54,0.0063,64
1,2018-01-07T02:00,38,0.0075,69.6
2,2018-01-07T02:00,57,0.01,67.8
0,2018-01-07T02:05,65,0.008,64.9
1,2018-01-07T02:05,36,0.0083,67.7
2,2018-01-07T02:05,83,0.0148,67.8
0,2018-01-07T02:10,35,0.0047,67.3
1,2018-01-07T02:10,36,0.0092,67.7
2,2018-01-07T02:10,66,0.012,67.1
0,2018-01-07T02:15,47,0.006,65.3
1,2018-01-07T02:15,53,0.0108,68
2,2018-01-07T02:15,58,0.01,67.3
0,2018-01-07T02:20,32,0.0045,67.3
1,2018-01-07T02:20,33,0.0083,68
2,2018-01-07T02:20,55,0.0098,67.5
0,2018-01-07T02:25,42,0.0053,68.2
1,2018-01-07T02:25,37,0.0077,67
2,2018-01-07T02:25,56,0.0097,67.5
0,2018-01-07T02:30,43,0.0055,68.4
1,2018-01-07T02:30,19,0.0049,68.1
2,2018-01-07T02:30,54,0.0098,68.1
0,2018-01-07T02:35,49,0.0063,67.3
1,2018-01-07T02:35,83,0.0143,72.7
2,2018-01-07T02:35,61,0.0103,68.5
0,2018-01-07T02:40,41,0.005,67.1
1,2018-01-07T02:40,39,0.0074,70.4
2,2018-01-07T02:40,65,0.0109,68.6
0,2018-01-07T02:45,38,0.0047,68.7
1,2018-01-07T02:45,60,0.0123,70.2
2,2018-01-07T02:45,61,0.0104,68.1
0,2018-01-07T02:50,41,0.005,68
1,2018-01-07T02:50,55,0.0092,71.2
2,2018-01-07T02:50,72,0.013,68
0,2018-01-07T02:55,47,0.0101,62.2
1,2018-01-07T02:55,46,0.0106,69.5
2,2018-01-07T02:55,81,0.0138,68.1
0,2018-01-07T03:00,36,0.0053,66.4
1,2018-01-07T03:00,80,0.0138,72.3
2,2018-01-07T03:00,59,0.0107,68.5
0,2018-01-07T03:05,39,0.0046,65.7
1,2018-01-07T03:05,39,0.0066,70.8
2,2018-01-07T03:05,70,0.0122,68
0,2018-01-07T03:10,19,0.0025,68.8
1,2018-01-07T03:10,32,0.0088,68.2
2,2018-01-07T03:10,39,0.0059,68.3
0,2018-01-07T03:15,29,0.0032,66.2
1,2018-01-07T03:15,42,0.0092,69.7
2,2018-01-07T03:15,62,0.0109,69.1
0,2018-01-07T03:20,20,0.0027,68.3
1,2018-01-07T03:20,35,0.0083,67.4
2,2018-01-07T03:20,66,0.0129,68.3
0,2018-01-07T03:25,28,0.0034,68.3
1,2018-01-07T03:25,41,0.0077,68.6
2,2018-01-07T03:25,67,0.0107,68.1
0,2018-01-07T03:30,31,0.0037,67
1,2018-01-07T03:30,34,0.0074,68.1
2,2018-01-07T03:30,82,0.014,68.9
0,2018-01-07T03:35,32,0.0037,66.5
1,2018-01-07T03:35,41,0.0081,68
2,2018-01-07T03:35,58,0.0099,68.5
0,2018-01-07T03:40,28,0.0036,69.2
1,2018-01-07T03:40,43,0.0093,67.9
2,2018-01-07T03:40,66,0.0114,68.1
0,2018-01-07T03:45,45,0.0056,67.2
1,2018-01-07T03:45,54,0.0107,68.7
2,2018-01-07T03:45,76,0.0116,69
0,2018-01-07T03:50,32,0.0042,68.9
1,2018-01-07T03:50,86,0.0145,71.9
2,2018-01-07T03:50,76,0.0123,68.7
0,2018-01-07T03:55,46,0.0054,67.1
1,2018-01-07T03:55,65,0.0135,69.3
2,2018-01-07T03:55,76,0.0123,68.6
0,2018-01-07T04:00,13,0.0016,69.7
1,2018-01-07T04:00,56,0.012,69.1
2,2018-01-07T04:00,73,0.0118,68.9
0,2018-01-07T04:05,30,0.0037,68.7
1,2018-01-07T04:05,74,0.0154,69.4
2,2018-01-07T04:05,70,0.0109,69.2
0,2018-01-07T04:10,23,0.0028,69.4
1,2018-01-07T04:10,48,0.0106,68.3
2,2018-01-07T04:10,93,0.015,69.2
0,2018-01-07T04:15,42,0.0052,67.1
1,2018-01-07T04:15,44,0.0098,68
2,2018-01-07T04:15,82,0.0135,69.4
0,2018-01-07T04:20,35,0.0048,68.6
1,2018-01-07T04:20,58,0.0129,67.7
2,2018-01-07T04:20,94,0.0163,68.2
0,2018-01-07T04:25,52,0.0063,67.4
1,2018-01-07T04:25,52,0.0106,68.2
2,2018-01-07T04:25,93,0.0156,68.7
0,2018-01-07T04:30,49,0.0059,68.2
1,2018-01-07T04:30,43,0.0108,67.6
2,2018-01-07T04:30,91,0.0143,69.7
0,2018-01-07T04:35,34,0.0047,68.9
1,2018-01-07T04:35,63,0.0147,66.2
2,2018-01-07T04:35,97,0.015,69
0,2018-01-07T04:40,47,0.0057,67.7
1,2018-01-07T04:40,72,0.0154,66.8
2,2018-01-07T04:40,99,0.0166,68.3
0,2018-01-07T04:45,59,0.0079,68.3
1,2018-01-07T04:45,84,0.019,65.6
2,2018-01-07T04:45,107,0.0174,68.5
0,2018-01-07T04:50,59,0.0073,67.3
1,2018-01-07T04:50,56,0.0149,64.9
2,2018-01-07T04:50,97,0.0151,68.7
0,2018-01-07T04:55,39,0.0049,67.4
1,2018-01-07T04:55,40,0.01,65.4
2,2018-01-07T04:55,109,0.0178,68.8
0,2018-01-07T05:00,43,0.0063,69.1
1,2018-01-07T05:00,54,0.0121,66.2
2,2018-01-07T05:00,93,0.0162,68.6
0,2018-01-07T05:05,50,0.0065,68.1
1,2018-01-07T05:05,58,0.0112,68.9
2,2018-01-07T05:05,110,0.0176,69.1
0,2018-01-07T05:10,46,0.0059,69.6
1,2018-01-07T05:10,82,0.0199,66
2,2018-01-07T05:10,120,0.0191,68.9
0,2018-01-07T05:15,43,0.0051,69
1,2018-01-07T05:15,79,0.0222,63.7
2,2018-01-07T05:15,121,0.02,68.5
0,2018-01-07T05:20,71,0.0089,67.6
1,2018-01-07T05:20,107,0.0229,67.2
2,2018-01-07T05:20,117,0.0198,67.8
0,2018-01-07T05:25,58,0.0076,68.9
1,2018-01-07T05:25,91,0.0208,66.9
2,2018-01-07T05:25,132,0.0206,68.6
0,2018-01-07T05:30,57,0.0069,68.6
1,2018-01-07T05:30,102,0.0229,66.9
2,2018-01-07T05:30,165,0.0274,68.1
0,2018-01-07T05:35,81,0.0095,67.4
1,2018-01-07T05:35,73,0.0166,65.7
2,2018-01-07T05:35,159,0.0256,68.6
0,2018-01-07T05:40,88,0.0114,68.1
1,2018-01-07T05:40,108,0.0242,66.6
2,2018-01-07T05:40,138,0.0222,68.5
0,2018-01-07T05:45,80,0.0096,68.6
1,2018-01-07T05:45,100,0.025,64.4
2,2018-01-07T05:45,153,0.0236,69
0,2018-01-07T05:50,106,0.0135,68.5
1,2018-01-07T05:50,93,0.0264,62.9
2,2018-01-07T05:50,171,0.0276,68.8
0,2018-01-07T05:55,66,0.0083,68.3
1,2018-01-07T05:55,101,0.0198,67.9
2,2018-01-07T05:55,152,0.0244,68.5
0,2018-01-07T06:00,71,0.0088,68.8
1,2018-01-07T06:00,77,0.0189,66.4
2,2018-01-07T06:00,154,0.0253,67.8
0,2018-01-07T06:05,82,0.0103,68.5
1,2018-01-07T06:05,104,0.024,66.5
2,2018-01-07T06:05,152,0.0246,68
0,2018-01-07T06:10,77,0.01,67.7
1,2018-01-07T06:10,73,0.0172,66.5
2,2018-01-07T06:10,148,0.0226,69.2
0,2018-01-07T06:15,95,0.0122,68.6
1,2018-01-07T06:15,97,0.023,66.4
2,2018-01-07T06:15,167,0.0257,69.5
0,2018-01-07T06:20,111,0.0141,68.9
1,2018-01-07T06:20,91,0.0222,65.3
2,2018-01-07T06:20,163,0.0263,68.7
0,2018-01-07T06:25,117,0.0147,68.2
1,2018-01-07T06:25,81,0.02,65.7
2,2018-01-07T06:25,179,0.0286,69.1
0,2018-01-07T06:30,108,0.0135,68.7
1,2018-01-07T06:30,112,0.0287,64.4
2,2018-01-07T06:30,192,0.0317,67.9
0,2018-01-07T06:35,128,0.016,68.6
1,2018-01-07T06:35,123,0.0312,63.7
2,2018-01-07T06:35,245,0.0408,67.4
0,2018-01-07T06:40,131,0.0164,69
1,2018-01-07T06:40,101,0.025,63.5
2,2018-01-07T06:40,207,0.0337,67.6
0,2018-01-07T06:45,138,0.0173,68.2
1,2018-01-07T06:45,136,0.0318,65
2,2018-01-07T06:45,204,0.033,67.5
0,2018-01-07T06:50,139,0.0176,69.2
1,2018-01-07T06:50,131,0.0305,65.7
2,2018-01-07T06:50,190,0.0309,68.1
0,2018-01-07T06:55,134,0.0168,68.8
1,2018-01-07T06:55,124,0.0295,66
2,2018-01-07T06:55,186,0.0303,67.8
0,2018-01-07T07:00,130,0.016,68.9
1,2018-01-07T07:00,90,0.0236,65.5
2,2018-01-07T07:00,187,0.033,65.7
0,2018-01-07T07:05,100,0.0159,65.3
1,2018-01-07T07:05,107,0.0247,66.7
2,2018-01-07T07:05,147,0.026,64.9
0,2018-01-07T07:10,107,0.0131,66.8
1,2018-01-07T07:10,98,0.0236,67
2,2018-01-07T07:10,180,0.0294,67
0,2018-01-07T07:15,107,0.0384,58.5
1,2018-01-07T07:15,90,0.0217,66.3
2,2018-01-07T07:15,156,0.0258,66.7
0,2018-01-07T07:20,124,0.0146,64
1,2018-01-07T07:20,109,0.0265,66.3
2,2018-01-07T07:20,178,0.0294,67.1
0,2018-01-07T07:25,109,0.0132,66.5
1,2018-01-07T07:25,101,0.0243,67.5
2,2018-01-07T07:25,221,0.0347,67.7
0,2018-01-07T07:30,100,0.0127,67.7
1,2018-01-07T07:30,108,0.0269,66.5
2,2018-01-07T07:30,205,0.0337,67.5
0,2018-01-07T07:35,122,0.0146,67.8
1,2018-01-07T07:35,110,0.0284,64.6
2,2018-01-07T07:35,187,0.0301,67.7
0,2018-01-07T07:40,157,0.0197,68.5
1,2018-01-07T07:40,113,0.0303,62.8
2,2018-01-07T07:40,235,0.0395,66.7
0,2018-01-07T07:45,169,0.0304,62.6
1,2018-01-07T07:45,110,0.0297,62.3
2,2018-01-07T07:45,244,0.0399,66.7
0,2018-01-07T07:50,158,0.0194,64.6
1,2018-01-07T07:50,114,0.0283,64.1
2,2018-01-07T07:50,257,0.0413,67.2
0,2018-01-07T07:55,151,0.0194,68.2
1,2018-01-07T07:55,129,0.0321,65.2
2,2018-01-07T07:55,214,0.0386,65.1
0,2018-01-07T08:00,134,0.0171,67.5
1,2018-01-07T08:00,115,0.0289,65
2,2018-01-07T08:00,188,0.0317,65.9
0,2018-01-07T08:05,151,0.0191,67.5
1,2018-01-07T08:05,153,0.0348,68.3
2,2018-01-07T08:05,204,0.032,67.6
0,2018-01-07T08:10,171,0.0383,60.6
1,2018-01-07T08:10,99,0.0243,66.7
2,2018-01-07T08:10,230,0.0381,67.2
0,2018-01-07T08:15,165,0.0206,64.6
1,2018-01-07T08:15,143,0.0356,65.8
2,2018-01-07T08:15,224,0.036,67.2
0,2018-01-07T08:20,170,0.0227,64.9
1,2018-01-07T08:20,126,0.0311,66.1
2,2018-01-07T08:20,214,0.033,68.7
0,2018-01-07T08:25,204,0.0263,66.2
1,2018-01-07T08:25,130,0.0363,62.9
2,2018-01-07T08:25,204,0.0331,67.8
0,2018-01-07T08:30,187,0.024,68.3
1,2018-01-07T08:30,121,0.0295,65
2,2018-01-07T08:30,247,0.0383,69
0,2018-01-07T08:35,240,0.0318,66.9
1,2018-01-07T08:35,169,0.0436,64.1
2,2018-01-07T08:35,272,0.0457,67.2
0,2018-01-07T08:40,231,0.0294,67.5
1,2018-01-07T08:40,150,0.0354,66.5
2,2018-01-07T08:40,284,0.0467,66.8
0,2018-01-07T08:45,256,0.0334,67.4
1,2018-01-07T08:45,151,0.0344,68.6
2,2018-01-07T08:45,301,0.0483,67.2
0,2018-01-07T08:50,263,0.0347,66.8
1,2018-01-07T08:50,177,0.0447,66.4
2,2018-01-07T08:50,202,0.0328,67.6
0,2018-01-07T08:55,247,0.0314,67.4
1,2018-01-07T08:55,147,0.0377,65.6
2,2018-01-07T08:55,259,0.0434,66.8
0,2018-01-07T09:00,241,0.0298,68.9
1,2018-01-07T09:00,122,0.0306,65.6
2,2018-01-07T09:00,287,0.0468,67.7
0,2018-01-07T09:05,230,0.0295,68.5
1,2018-01-07T09:05,122,0.0305,65.9
2,2018-01-07T09:05,306,0.0499,67.9
0,2018-01-07T09:10,267,0.041,64.4
1,2018-01-07T09:10,122,0.0311,65.6
2,2018-01-07T09:10,228,0.0374,67.9
0,2018-01-07T09:15,261,0.0327,67.7
1,2018-01-07T09:15,167,0.0395,67.7
2,2018-01-07T09:15,302,0.0498,67.6
0,2018-01-07T09:20,279,0.0359,68.1
1,2018-01-07T09:20,148,0.0363,67.4
2,2018-01-07T09:20,272,0.0453,67.3
0,2018-01-07T09:25,259,0.0342,67.8
1,2018-01-07T09:25,198,0.0475,68.3
2,2018-01-07T09:25,136,0.0229,66.9
0,2018-01-07T09:30,271,0.0352,68
1,2018-01-07T09:30,140,0.0364,65.8
2,2018-01-07T09:30,348,0.0582,67.3
0,2018-01-07T09:35,286,0.0372,68.3
1,2018-01-07T09:35,188,0.049,64.8
2,2018-01-07T09:35,333,0.0562,66.4
0,2018-01-07T09:40,278,0.0362,69
1,2018-01-07T09:40,186,0.048,64.2
2,2018-01-07T09:40,406,0.0671,66.7
0,2018-01-07T09:45,286,0.0377,68.3
1,2018-01-07T09:45,203,0.0512,64.7
2,2018-01-07T09:45,427,0.0748,65.2
0,2018-01-07T09:50,277,0.0356,68.2
1,2018-01-07T09:50,178,0.0445,65.4
2,2018-01-07T09:50,431,0.0751,64.7
0,2018-01-07T09:55,353,0.0464,67.9
1,2018-01-07T09:55,131,0.0331,65.6
2,2018-01-07T09:55,378,0.0657,64.5
0,2018-01-07T10:00,325,0.0448,67.2
1,2018-01-07T10:00,168,0.0418,63.8
2,2018-01-07T10:00,334,0.0578,64.9
0,2018-01-07T10:05,310,0.058,62.4
1,2018-01-07T10:05,141,0.0388,61.2
2,2018-01-07T10:05,354,0.0578,67.2
0,2018-01-07T10:10,316,0.0448,63.9
1,2018-01-07T10:10,170,0.0425,61.9
2,2018-01-07T10:10,275,0.0475,66.2
0,2018-01-07T10:15,328,0.0416,67.9
1,2018-01-07T10:15,191,0.0503,60.5
2,2018-01-07T10:15,292,0.0525,64.9
0,2018-01-07T10:20,308,0.0401,67.7
1,2018-01-07T10:20,174,0.0441,61.1
2,2018-01-07T10:20,361,0.0613,65.4
0,2018-01-07T10:25,308,0.0413,68
1,2018-01-07T10:25,174,0.0421,62.1
2,2018-01-07T10:25,328,0.0557,66
0,2018-01-07T10:30,327,0.0425,68.7
1,2018-01-07T10:30,215,0.0583,60
2,2018-01-07T10:30,193,0.0324,66.5
0,2018-01-07T10:35,338,0.0434,69.1
1,2018-01-07T10:35,224,0.056,62.3
2,2018-01-07T10:35,224,0.0381,66.7
0,2018-01-07T10:40,301,0.04,68.5
1,2018-01-07T10:40,185,0.0475,61.4
2,2018-01-07T10:40,457,0.0774,66.9
0,2018-01-07T10:45,346,0.0453,68.7
1,2018-01-07T10:45,231,0.0581,61.6
2,2018-01-07T10:45,406,0.0708,65.6
0,2018-01-07T10:50,350,0.0465,68.5
1,2018-01-07T10:50,224,0.0572,61.2
2,2018-01-07T10:50,345,0.0589,65.9
0,2018-01-07T10:55,353,0.0703,63.5
1,2018-01-07T10:55,194,0.0464,61.9
2,2018-01-07T10:55,353,0.0623,65
0,2018-01-07T11:00,287,0.0374,66
1,2018-01-07T11:00,183,0.0473,61.4
2,2018-01-07T11:00,281,0.0471,66.3
0,2018-01-07T11:05,331,0.0425,68
1,2018-01-07T11:05,179,0.0466,61.7
2,2018-01-07T11:05,372,0.0613,67.6
0,2018-01-07T11:10,327,0.042,68.8
1,2018-01-07T11:10,150,0.0351,63.2
2,2018-01-07T11:10,274,0.0446,68.8
0,2018-01-07T11:15,326,0.0414,69.2
1,2018-01-07T11:15,216,0.0548,62.2
2,2018-01-07T11:15,320,0.054,68.3
0,2018-01-07T11:20,325,0.0416,69.6
1,2018-01-07T11:20,186,0.0485,60.8
2,2018-01-07T11:20,292,0.0487,68.3
0,2018-01-07T11:25,342,0.044,69.4
1,2018-01-07T11:25,230,0.0581,60.8
2,2018-01-07T11:25,250,0.0433,67
0,2018-01-07T11:30,299,0.0379,69.5
1,2018-01-07T11:30,226,0.0598,59.8
2,2018-01-07T11:30,145,0.0257,67.2
0,2018-01-07T11:35,288,0.0419,66.6
1,2018-01-07T11:35,146,0.0377,60.7
2,2018-01-07T11:35,306,0.0508,67.7
0,2018-01-07T11:40,318,0.0391,69.1
1,2018-01-07T11:40,185,0.0479,60.4
2,2018-01-07T11:40,171,0.03,66.8
0,2018-01-07T11:45,324,0.042,69.2
1,2018-01-07T11:45,218,0.0555,61.2
2,2018-01-07T11:45,187,0.0317,67.3
0,2018-01-07T11:50,278,0.0355,69.6
1,2018-01-07T11:50,227,0.0604,60.5
2,2018-01-07T11:50,157,0.0267,67.7
0,2018-01-07T11:55,336,0.044,69.1
1,2018-01-07T11:55,218,0.0585,59
2,2018-01-07T11:55,282,0.0494,66.5
0,2018-01-07T12:00,279,0.0366,69.4
1,2018-01-07T12:00,200,0.0513,59.4
2,2018-01-07T12:00,203,0.0362,65.6
0,2018-01-07T12:05,259,0.0338,69.2
1,2018-01-07T12:05,241,0.0628,60.2
2,2018-01-07T12:05,257,0.0451,65.6
0,2018-01-07T12:10,316,0.0412,69.2
1,2018-01-07T12:10,234,0.0594,60.4
2,2018-01-07T12:10,329,0.0559,66.5
0,2018-01-07T12:15,329,0.0431,69
1,2018-01-07T12:15,138,0.0354,61.1
2,2018-01-07T12:15,259,0.0411,69
0,2018-01-07T12:20,273,0.0361,69
1,2018-01-07T12:20,238,0.0596,61.9
2,2018-01-07T12:20,315,0.0526,68.9
0,2018-01-07T12:25,339,0.0442,68.6
1,2018-01-07T12:25,203,0.0499,62.2
2,2018-01-07T12:25,281,0.0479,68.1
0,2018-01-07T12:30,367,0.0477,69.3
1,2018-01-07T12:30,233,0.0565,62.8
2,2018-01-07T12:30,318,0.0542,67.7
0,2018-01-07T12:35,351,0.045,69.4
1,2018-01-07T12:35,209,0.055,61.7
2,2018-01-07T12:35,355,0.0616,66.7
0,2018-01-07T12:40,291,0.0374,69.7
1,2018-01-07T12:40,216,0.0523,62.2
2,2018-01-07T12:40,374,0.0632,67
0,2018-01-07T12:45,287,0.0372,69.7
1,2018-01-07T12:45,195,0.0513,61.3
2,2018-01-07T12:45,328,0.0596,65
0,2018-01-07T12:50,347,0.0463,68.5
1,2018-01-07T12:50,215,0.056,60.8
2,2018-01-07T12:50,281,0.0472,66.6
0,2018-01-07T12:55,322,0.0425,68.5
1,2018-01-07T12:55,278,0.072,59.7
2,2018-01-07T12:55,367,0.0616,67.2
0,2018-01-07T13:00,293,0.0378,68.5
1,2018-01-07T13:00,198,0.0496,60.9
2,2018-01-07T13:00,211,0.0361,67.4
0,2018-01-07T13:05,291,0.0378,68.8
1,2018-01-07T13:05,196,0.051,61.6
2,2018-01-07T13:05,320,0.0547,67
0,2018-01-07T13:10,295,0.0384,69
1,2018-01-07T13:10,232,0.0589,61
2,2018-01-07T13:10,329,0.0572,66.3
0,2018-01-07T13:15,233,0.0291,69.5
1,2018-01-07T13:15,196,0.0508,61.1
2,2018-01-07T13:15,340,0.0593,66
0,2018-01-07T13:20,351,0.0459,69.2
1,2018-01-07T13:20,217,0.0562,60.7
2,2018-01-07T13:20,345,0.0584,66.6
0,2018-01-07T13:25,282,0.0368,68.9
1,2018-01-07T13:25,134,0.0357,60.4
2,2018-01-07T13:25,364,0.0632,66.2
0,2018-01-07T13:30,301,0.0393,68.7
1,2018-01-07T13:30,241,0.0651,59.4
2,2018-01-07T13:30,348,0.0645,64.2
0,2018-01-07T13:35,346,0.0461,68.7
1,2018-01-07T13:35,222,0.0605,58.4
2,2018-01-07T13:35,416,0.0722,65.1
0,2018-01-07T13:40,361,0.0479,68.1
1,2018-01-07T13:40,196,0.0518,59.4
2,2018-01-07T13:40,307,0.0529,65.6
0,2018-01-07T13:45,287,0.0368,68.6
1,2018-01-07T13:45,225,0.0571,59.3
2,2018-01-07T13:45,319,0.0571,65
0,2018-01-07T13:50,294,0.0389,69.1
1,2018-01-07T13:50,215,0.053,61.1
2,2018-01-07T13:50,381,0.0655,66
0,2018-01-07T13:55,293,0.0386,69.1
1,2018-01-07T13:55,225,0.0584,61.2
2,2018-01-07T13:55,354,0.0634,65.1
0,2018-01-07T14:00,284,0.0364,68.6
1,2018-01-07T14:00,234,0.0617,60.2
2,2018-01-07T14:00,316,0.0561,64.3
0,2018-01-07T14:05,295,0.0524,61
1,2018-01-07T14:05,203,0.0529,60
2,2018-01-07T14:05,238,0.0394,66.7
0,2018-01-07T14:10,364,0.0701,56
1,2018-01-07T14:10,216,0.0542,61.1
2,2018-01-07T14:10,314,0.0537,66.7
0,2018-01-07T14:15,364,0.0481,62
1,2018-01-07T14:15,208,0.0552,60.3
2,2018-01-07T14:15,365,0.063,66.2
0,2018-01-07T14:20,288,0.0378,65.2
1,2018-01-07T14:20,218,0.0579,60.1
2,2018-01-07T14:20,383,0.0633,67.6
0,2018-01-07T14:25,357,0.0456,66.8
1,2018-01-07T14:25,252,0.0685,58.7
2,2018-01-07T14:25,390,0.0664,67.2
0,2018-01-07T14:30,288,0.0361,68.8
1,2018-01-07T14:30,242,0.0611,59.2
2,2018-01-07T14:30,399,0.0663,67.7
0,2018-01-07T14:35,388,0.0524,67.3
1,2018-01-07T14:35,286,0.0751,59.7
2,2018-01-07T14:35,231,0.0384,68.1
0,2018-01-07T14:40,365,0.0479,68.1
1,2018-01-07T14:40,280,0.0692,61.7
2,2018-01-07T14:40,432,0.0748,66.9
0,2018-01-07T14:45,335,0.0439,68.3
1,2018-01-07T14:45,246,0.0608,61.9
2,2018-01-07T14:45,440,0.0758,66.2
0,2018-01-07T14:50,348,0.0459,68.1
1,2018-01-07T14:50,235,0.0611,61.3
2,2018-01-07T14:50,487,0.0863,65.3
0,2018-01-07T14:55,391,0.05,68.5
1,2018-01-07T14:55,222,0.0584,60.2
2,2018-01-07T14:55,190,0.0311,67.2
0,2018-01-07T15:00,257,0.0334,69.2
1,2018-01-07T15:00,224,0.0594,60.1
2,2018-01-07T15:00,340,0.0584,66.8
0,2018-01-07T15:05,301,0.0395,68.5
1,2018-01-07T15:05,229,0.0581,61.2
2,2018-01-07T15:05,380,0.0653,66.5
0,2018-01-07T15:10,316,0.041,68.9
1,2018-01-07T15:10,226,0.0591,60.3
2,2018-01-07T15:10,356,0.0614,65.9
0,2018-01-07T15:15,303,0.0415,67.3
1,2018-01-07T15:15,234,0.0597,60
2,2018-01-07T15:15,241,0.0416,65.9
0,2018-01-07T15:20,348,0.0471,67.3
1,2018-01-07T15:20,291,0.0727,61
2,2018-01-07T15:20,362,0.0632,65.7
0,2018-01-07T15:25,297,0.0391,67.6
1,2018-01-07T15:25,227,0.0552,62.7
2,2018-01-07T15:25,298,0.0526,65.1
0,2018-01-07T15:30,360,0.0476,67.7
1,2018-01-07T15:30,233,0.0592,62.1
2,2018-01-07T15:30,247,0.0417,66.4
0,2018-01-07T15:35,333,0.0435,68.2
1,2018-01-07T15:35,255,0.0661,61.4
2,2018-01-07T15:35,402,0.0708,65.9
0,2018-01-07T15:40,343,0.045,68.3
1,2018-01-07T15:40,252,0.0671,60.2
2,2018-01-07T15:40,337,0.0564,66.8
0,2018-01-07T15:45,308,0.0493,64.3
1,2018-01-07T15:45,229,0.0587,60.6
2,2018-01-07T15:45,328,0.0559,66.7
0,2018-01-07T15:50,365,0.0482,65.9
1,2018-01-07T15:50,255,0.0681,60.1
2,2018-01-07T15:50,284,0.0491,66.1
0,2018-01-07T15:55,265,0.0345,67.4
1,2018-01-07T15:55,243,0.0646,59.7
2,2018-01-07T15:55,458,0.0808,65.5
0,2018-01-07T16:00,263,0.0358,66.4
1,2018-01-07T16:00,236,0.0626,59.5
2,2018-01-07T16:00,303,0.055,65.4
0,2018-01-07T16:05,310,0.0405,67
1,2018-01-07T16:05,213,0.0549,60.9
2,2018-01-07T16:05,316,0.055,65.6
0,2018-01-07T16:10,333,0.0435,67.9
1,2018-01-07T16:10,233,0.0599,59.8
2,2018-01-07T16:10,298,0.0518,66.2
0,2018-01-07T16:15,255,0.0334,68.6
1,2018-01-07T16:15,269,0.076,58.1
2,2018-01-07T16:15,323,0.058,65.3
0,2018-01-07T16:20,275,0.0376,67.9
1,2018-01-07T16:20,257,0.0715,57.4
2,2018-01-07T16:20,408,0.0716,65.5
0,2018-01-07T16:25,311,0.0437,66.4
1,2018-01-07T16:25,273,0.0719,58.7
2,2018-01-07T16:25,359,0.0622,65.8
0,2018-01-07T16:30,293,0.0387,67
1,2018-01-07T16:30,246,0.0624,60.6
2,2018-01-07T16:30,363,0.063,66.4
0,2018-01-07T16:35,301,0.0392,68.1
1,2018-01-07T16:35,253,0.0643,60.6
2,2018-01-07T16:35,238,0.0438,64.8
0,2018-01-07T16:40,285,0.0614,62.8
1,2018-01-07T16:40,269,0.0691,61
2,2018-01-07T16:40,333,0.0596,65.2
0,2018-01-07T16:45,355,0.0483,65.1
1,2018-01-07T16:45,194,0.0509,60.6
2,2018-01-07T16:45,350,0.0601,66
0,2018-01-07T16:50,254,0.0331,65.7
1,2018-01-07T16:50,195,0.0506,59.2
2,2018-01-07T16:50,214,0.0379,65.4
0,2018-01-07T16:55,296,0.039,66.8
1,2018-01-07T16:55,196,0.0802,55.6
2,2018-01-07T16:55,317,0.0546,66.4
0,2018-01-07T17:00,357,0.0506,67
1,2018-01-07T17:00,246,0.0662,56.7
2,2018-01-07T17:00,317,0.0524,68.7
0,2018-01-07T17:05,275,0.036,68.3
1,2018-01-07T17:05,239,0.0659,57.2
2,2018-01-07T17:05,303,0.0507,69.3
0,2018-01-07T17:10,315,0.0426,69
1,2018-01-07T17:10,296,0.0824,57.2
2,2018-01-07T17:10,323,0.0553,69
0,2018-01-07T17:15,294,0.0395,68.8
1,2018-01-07T17:15,226,0.0585,59.8
2,2018-01-07T17:15,272,0.0468,68.6
0,2018-01-07T17:20,297,0.0406,68.1
1,2018-01-07T17:20,235,0.0674,57.1
2,2018-01-07T17:20,254,0.0453,67.6
0,2018-01-07T17:25,309,0.0424,68.2
1,2018-01-07T17:25,279,0.0769,57.1
2,2018-01-07T17:25,281,0.0489,67.4
0,2018-01-07T17:30,303,0.0423,68.1
1,2018-01-07T17:30,272,0.0731,58
2,2018-01-07T17:30,243,0.0446,65.7
0,2018-01-07T17:35,306,0.0419,67.5
1,2018-01-07T17:35,211,0.0537,59.6
2,2018-01-07T17:35,169,0.0317,65.2
0,2018-01-07T17:40,283,0.0389,67.6
1,2018-01-07T17:40,224,0.0593,59.2
2,2018-01-07T17:40,213,0.0396,64.8
0,2018-01-07T17:45,309,0.0428,67.9
1,2018-01-07T17:45,234,0.0654,58.4
2,2018-01-07T17:45,288,0.0503,65.8
0,2018-01-07T17:50,265,0.0378,66.5
1,2018-01-07T17:50,241,0.066,58.2
2,2018-01-07T17:50,263,0.0476,65.4
0,2018-01-07T17:55,260,0.0378,65.4
1,2018-01-07T17:55,264,0.0718,58.3
2,2018-01-07T17:55,334,0.0603,65.3
0,2018-01-07T18:00,262,0.0364,67.7
1,2018-01-07T18:00,253,0.0688,58.4
2,2018-01-07T18:00,197,0.0364,64.9
0,2018-01-07T18:05,308,0.0421,67.6
1,2018-01-07T18:05,232,0.0634,58.1
2,2018-01-07T18:05,328,0.0602,64.9
0,2018-01-07T18:10,316,0.044,67.2
1,2018-01-07T18:10,210,0.0909,51.8
2,2018-01-07T18:10,200,0.0346,66.5
0,2018-01-07T18:15,292,0.04,67.3
1,2018-01-07T18:15,200,0.0521,56.1
2,2018-01-07T18:15,225,0.0404,66.6
0,2018-01-07T18:20,306,0.0414,68.3
1,2018-01-07T18:20,226,0.064,56
2,2018-01-07T18:20,287,0.0498,67.1
0,2018-01-07T18:25,242,0.0325,68.8
1,2018-01-07T18:25,175,0.0457,57.8
2,2018-01-07T18:25,276,0.0469,68.1
0,2018-01-07T18:30,185,0.0252,68.6
1,2018-01-07T18:30,192,0.051,57.9
2,2018-01-07T18:30,163,0.0275,68.6
0,2018-01-07T18:35,249,0.0343,67.5
1,2018-01-07T18:35,226,0.0621,58.7
2,2018-01-07T18:35,167,0.0293,68.4
0,2018-01-07T18:40,228,0.0303,69.1
1,2018-01-07T18:40,216,0.0621,56.9
2,2018-01-07T18:40,177,0.0323,66.9
0,2018-01-07T18:45,219,0.0296,69.1
1,2018-01-07T18:45,205,0.0574,56.4
2,2018-01-07T18:45,270,0.0465,67.9
0,2018-01-07T18:50,262,0.0351,69
1,2018-01-07T18:50,232,0.0595,58.2
2,2018-01-07T18:50,223,0.0399,67.4
0,2018-01-07T18:55,240,0.033,68.5
1,2018-01-07T18:55,200,0.0514,58.8
2,2018-01-07T18:55,197,0.0344,67.4
0,2018-01-07T19:00,244,0.0326,68.6
1,2018-01-07T19:00,190,0.0527,58.6
2,2018-01-07T19:00,81,0.0136,69
0,2018-01-07T19:05,248,0.0338,68.3
1,2018-01-07T19:05,208,0.0552,59.2
2,2018-01-07T19:05,278,0.0504,66.9
0,2018-01-07T19:10,219,0.029,68.1
1,2018-01-07T19:10,204,0.0571,57.5
2,2018-01-07T19:10,226,0.0404,66.3
0,2018-01-07T19:15,212,0.0283,69.1
1,2018-01-07T19:15,172,0.0419,60
2,2018-01-07T19:15,278,0.0475,67.2
0,2018-01-07T19:20,270,0.0367,68.7
1,2018-01-07T19:20,230,0.0595,61.1
2,2018-01-07T19:20,245,0.0433,66.8
0,2018-01-07T19:25,222,0.0299,68.6
1,2018-01-07T19:25,214,0.0538,61.3
2,2018-01-07T19:25,202,0.0354,67.2
0,2018-01-07T19:30,249,0.0323,69.1
1,2018-01-07T19:30,194,0.0476,62.3
2,2018-01-07T19:30,229,0.0406,67.1
0,2018-01-07T19:35,248,0.0323,69.7
1,2018-01-07T19:35,208,0.0522,61.5
2,2018-01-07T19:35,222,0.0406,65.9
0,2018-01-07T19:40,224,0.0292,69.5
1,2018-01-07T19:40,170,0.0445,61.3
2,2018-01-07T19:40,291,0.05,67.3
0,2018-01-07T19:45,260,0.0342,69.4
1,2018-01-07T19:45,170,0.0458,59.7
2,2018-01-07T19:45,244,0.045,65.4
0,2018-01-07T19:50,237,0.0315,69
1,2018-01-07T19:50,173,0.0437,59.8
2,2018-01-07T19:50,257,0.0457,65.9
0,2018-01-07T19:55,222,0.029,69.6
1,2018-01-07T19:55,199,0.0492,60.8
2,2018-01-07T19:55,280,0.0483,66.9
0,2018-01-07T20:00,193,0.0258,69
1,2018-01-07T20:00,152,0.0392,60.8
2,2018-01-07T20:00,292,0.0503,66.8
0,2018-01-07T20:05,206,0.0274,68.4
1,2018-01-07T20:05,187,0.0457,61.7
2,2018-01-07T20:05,236,0.0417,66
0,2018-01-07T20:10,218,0.0282,68.9
1,2018-01-07T20:10,191,0.0508,61.1
2,2018-01-07T20:10,175,0.0287,67.5
0,2018-01-07T20:15,218,0.0288,68.9
1,2018-01-07T20:15,160,0.0446,58.4
2,2018-01-07T20:15,235,0.0415,66.4
0,2018-01-07T20:20,206,0.0266,68.8
1,2018-01-07T20:20,170,0.0444,59.5
2,2018-01-07T20:20,193,0.0319,67.6
0,2018-01-07T20:25,172,0.0224,69.2
1,2018-01-07T20:25,163,0.0406,60.5
2,2018-01-07T20:25,206,0.0344,68.2
0,2018-01-07T20:30,202,0.0267,69
1,2018-01-07T20:30,161,0.0439,58.4
2,2018-01-07T20:30,301,0.0514,67.6
0,2018-01-07T20:35,187,0.0239,69.1
1,2018-01-07T20:35,172,0.046,58.5
2,2018-01-07T20:35,251,0.0428,67.6
0,2018-01-07T20:40,209,0.0274,69.6
1,2018-01-07T20:40,163,0.045,57.8
2,2018-01-07T20:40,263,0.0471,66.8
0,2018-01-07T20:45,186,0.0233,69.2
1,2018-01-07T20:45,155,0.0394,59.5
2,2018-01-07T20:45,270,0.0436,68.4
0,2018-01-07T20:50,195,0.0261,69.9
1,2018-01-07T20:50,154,0.0388,60.1
2,2018-01-07T20:50,214,0.035,68.9
0,2018-01-07T20:55,162,0.0212,69.3
1,2018-01-07T20:55,150,0.0386,60.1
2,2018-01-07T20:55,231,0.0392,68.4
0,2018-01-07T21:00,170,0.022,69
1,2018-01-07T21:00,154,0.0386,64.4
2,2018-01-07T21:00,138,0.0242,68.4
0,2018-01-07T21:05,210,0.0278,69.6
1,2018-01-07T21:05,184,0.0455,66.4
2,2018-01-07T21:05,187,0.0325,67.3
0,2018-01-07T21:10,192,0.0251,69.3
1,2018-01-07T21:10,135,0.0349,67.1
2,2018-01-07T21:10,246,0.0413,67.8
0,2018-01-07T21:15,185,0.0238,68.9
1,2018-01-07T21:15,155,0.0404,65.4
2,2018-01-07T21:15,270,0.0476,66.7
0,2018-01-07T21:20,172,0.0224,69
1,2018-01-07T21:20,142,0.0384,64.6
2,2018-01-07T21:20,190,0.0313,67.5
0,2018-01-07T21:25,174,0.0227,69.1
1,2018-01-07T21:25,131,0.0344,65.2
2,2018-01-07T21:25,164,0.027,68.4
0,2018-01-07T21:30,187,0.024,68.9
1,2018-01-07T21:30,128,0.0625,52.3
2,2018-01-07T21:30,216,0.0383,66.8
0,2018-01-07T21:35,172,0.0221,69.6
1,2018-01-07T21:35,118,0.0326,58.8
2,2018-01-07T21:35,233,0.0381,68.3
0,2018-01-07T21:40,163,0.0212,68.8
1,2018-01-07T21:40,119,0.029,64.7
2,2018-01-07T21:40,199,0.0329,68.7
0,2018-01-07T21:45,157,0.02,69.1
1,2018-01-07T21:45,99,0.0265,64.3
2,2018-01-07T21:45,196,0.0323,68.7
0,2018-01-07T21:50,175,0.0234,68.7
1,2018-01-07T21:50,112,0.0309,64.3
2,2018-01-07T21:50,183,0.0329,66.3
0,2018-01-07T21:55,194,0.0257,68.9
1,2018-01-07T21:55,88,0.0233,64
2,2018-01-07T21:55,229,0.0373,68.5
0,2018-01-07T22:00,159,0.0193,69
1,2018-01-07T22:00,118,0.0312,63.9
2,2018-01-07T22:00,123,0.0197,69.3
0,2018-01-07T22:05,144,0.0192,69
1,2018-01-07T22:05,123,0.0287,66.7
2,2018-01-07T22:05,239,0.0404,68.1
0,2018-01-07T22:10,128,0.0169,68.6
1,2018-01-07T22:10,83,0.0216,66.1
2,2018-01-07T22:10,200,0.0348,67.2
0,2018-01-07T22:15,131,0.0173,69.2
1,2018-01-07T22:15,91,0.0242,64.1
2,2018-01-07T22:15,175,0.029,67.7
0,2018-01-07T22:20,138,0.0177,68.7
1,2018-01-07T22:20,129,0.0307,68
2,2018-01-07T22:20,166,0.0276,67.8
0,2018-01-07T22:25,117,0.0155,68.6
1,2018-01-07T22:25,94,0.0248,63.9
2,2018-01-07T22:25,195,0.0329,68
0,2018-01-07T22:30,160,0.0215,68.7
1,2018-01-07T22:30,104,0.0266,64.5
2,2018-01-07T22:30,203,0.0364,66.4
0,2018-01-07T22:35,161,0.0217,68.4
1,2018-01-07T22:35,50,0.0118,66.5
2,2018-01-07T22:35,180,0.032,66.4
0,2018-01-07T22:40,145,0.0196,68.6
1,2018-01-07T22:40,90,0.023,66.2
2,2018-01-07T22:40,163,0.0279,67.1
0,2018-01-07T22:45,165,0.0221,67.7
1,2018-01-07T22:45,82,0.0194,66.5
2,2018-01-07T22:45,183,0.0322,66.3
0,2018-01-07T22:50,157,0.0199,68.5
1,2018-01-07T22:50,66,0.0163,67.3
2,2018-01-07T22:50,143,0.0233,67.9
0,2018-01-07T22:55,162,0.0194,69
1,2018-01-07T22:55,91,0.0221,69.3
2,2018-01-07T22:55,154,0.0264,67.6
0,2018-01-07T23:00,116,0.0151,68.8
1,2018-01-07T23:00,83,0.0191,69.2
2,2018-01-07T23:00,145,0.0245,67
0,2018-01-07T23:05,100,0.0131,68.1
1,2018-01-07T23:05,47,0.0123,67.3
2,2018-01-07T23:05,99,0.0171,67.5
0,2018-01-07T23:10,93,0.012,68.7
1,2018-01-07T23:10,64,0.0157,67.8
2,2018-01-07T23:10,100,0.0161,68.2
0,2018-01-07T23:15,81,0.0105,68.5
1,2018-01-07T23:15,55,0.0142,66.8
2,2018-01-07T23:15,119,0.0199,68.4
0,2018-01-07T23:20,72,0.0088,69.1
1,2018-01-07T23:20,66,0.0186,65.2
2,2018-01-07T23:20,120,0.0203,68.3
0,2018-01-07T23:25,72,0.01,68.1
1,2018-01-07T23:25,50,0.0136,64.7
2,2018-01-07T23:25,101,0.0173,67.2
0,2018-01-07T23:30,93,0.0116,67.2
1,2018-01-07T23:30,62,0.0162,64.5
2,2018-01-07T23:30,120,0.0198,68.5
0,2018-01-07T23:35,81,0.01,68.1
1,2018-01-07T23:35,51,0.0134,65
2,2018-01-07T23:35,127,0.0202,68.1
0,2018-01-07T23:40,80,0.0103,68.1
1,2018-01-07T23:40,67,0.0155,66.8
2,2018-01-07T23:40,105,0.0182,67.8
0,2018-01-07T23:45,63,0.0086,68.8
1,2018-01-07T23:45,75,0.0186,66.7
2,2018-01-07T23:45,112,0.0186,68
0,2018-01-07T23:50,75,0.0097,67.7
1,2018-01-07T23:50,66,0.0146,69.2
2,2018-01-07T23:50,100,0.019,67
0,2018-01-07T23:55,62,0.0075,68
1,2018-01-07T23:55,55,0.0133,67.6
2,2018-01-07T23:55,97,0.018,66.8
